,CoinName,Algorithm,IsTrading,ProofType,TotalCoinsMined,TotalCoinSupply
808,808,SHA-256,TRUE,PoW/PoS,0,0.00
2015,2015 coin,X11,TRUE,PoW/PoS,,0.00
ETH,Ethereum,Ethash,TRUE,PoW,107684222.7,0.00
XMR,Monero,CryptoNight-V7,TRUE,PoW,17201143.14,0.00
DT,DarkToken,NIST5,TRUE,PoW/PoS,,0.00
CETI,CETUS Coin,Scrypt,TRUE,PoW/PoS,,0.00
AGS,Aegis,X13,TRUE,PoS,,0.00
BLU,BlueCoin,Scrypt,TRUE,PoW/PoS,635423900,0.00
ENRG,EnergyCoin,Scrypt,TRUE,PoW/PoS,123062801.1,0.00
CAIX,CAIx,Scrypt,TRUE,PoS,,0.00
DEM,eMark,SHA-256,TRUE,PoW/PoS,0,0.00
EXCL,Exclusive Coin,PoS,TRUE,PoS,5679705,0.00
FLT,FlutterCoin,Scrypt,TRUE,PoS/PoW/PoT,461829905.3,0.00
HAL,Halcyon,X15,TRUE,PoW/PoS,0,0.00
HYP,HyperStake,X11,TRUE,PoS,1678520091,0.00
MINT,MintCoin,Scrypt,TRUE,PoS,21293925445,0.00
MN,Cryptsy Mining Contract,SHA-256,TRUE,PoW,,0.00
NAV,NavCoin,X13,TRUE,PoW/PoS,66087096.21,0.00
OPAL,OpalCoin,X13,TRUE,PoW/PoS,15156364.33,0.00
RDD,Reddcoin,Scrypt,TRUE,PoW/PoS,29315567169,0.00
SLG,SterlingCoin,X13,TRUE,PoS,,0.00
SUPER,SuperCoin,X11,TRUE,PoS,50707661.75,0.00
URO,UroCoin,X11,TRUE,PoW,1207310,0.00
UTIL,Utility Coin,X13,TRUE,PoW/PoS,0,0.00
VDO,VidioCoin,X11,TRUE,PoW/PoS,,0.00
VOOT,VootCoin,X11,TRUE,PoW,0,0.00
VRC,VeriCoin,Scrypt,TRUE,PoST,32021108.41,0.00
XAI,SapienceCoin,X11,TRUE,PoB/PoS,,0.00
XCR,Crypti,Multiple,TRUE,PoS,100000000,0.00
XST,StealthCoin,X13,TRUE,PoW/PoS,33093725.41,0.00
FAIR,FairCoin,Groestl,TRUE,PoW/PoS,53193831,0.00
RBY,RubyCoin,Scrypt,TRUE,PoS,27184490.39,0.00
SSD,Sonic Screw Driver Coin,SHA-256,TRUE,PoW/PoS,,0.00
8BIT,8BIT Coin,Scrypt,TRUE,PoW/PoS,1467841,0.00
NKT,NakomotoDark,X11,TRUE,PoW/PoS,,0.00
XPB,Pebble Coin,CryptoNight,TRUE,PoW,,0.00
SMAC,Social Media Coin,X11,TRUE,PoW/PoS,,0.00
UIS,Unitus,Multiple,TRUE,PoW,65113302,0.00
CYP,CypherPunkCoin,QuBit,TRUE,PoW,6365285,0.00
QBK,QuBuck Coin,X13,TRUE,PoS/PoB,,0.00
MARYJ,MaryJane Coin,X15,TRUE,PoW/PoS,0,0.00
GIG,GigCoin,X11,TRUE,PoW,,0.00
CC,CyberCoin,Scrypt,TRUE,PoW/PoS,0,0.00
METAL,MetalCoin,Scrypt,TRUE,PoW,,0.00
XG,XG Sports,XG Hash,TRUE,PoW/PoS,,0.00
ROS,ROS Coin,X11,TRUE,PoW/PoS,,0.00
UNAT,Unattanium,SHA-256,TRUE,PoW,0,0.00
EVENT,Event Token,Scrypt,TRUE,PoW/PoS,,0.00
VIOR,ViorCoin,Scrypt,TRUE,PoW/PoS,0,0.00
EQM,Equilibrium Coin,SHA-256,TRUE,PoW/PoS,,0.00
ISL,IslaCoin,X11,TRUE,PoW/PoS,1513704,0.00
XNA,DeOxyRibose,X11,TRUE,PoS,,0.00
SKB,SkullBuzz,SHA-256,TRUE,PoS,,0.00
FCS,CryptoFocus,X11,TRUE,PoW/PoS,,0.00
MWC,MultiWallet Coin,X11,TRUE,PoW/PoS,,0.00
XMS,Megastake,X11,TRUE,PoW/PoS,,0.00
SIGU,Singular,Scrypt,TRUE,PoW/PoS,0,0.00
M1,SupplyShock,X13,TRUE,PoW/PoS,,0.00
DB,DarkBit,Scrypt,TRUE,PoW/PoS,,0.00
BITL,BitLux,X11,FALSE,PoW/PoS,,0.00
FUTC,FutCoin,X13,TRUE,PoW/PoS,,0.00
NANAS,BananaBits,Scrypt,TRUE,PoW/PoS,,0.00
CIRC,CryptoCircuits,vDPOS,TRUE,PoS,0,0.00
SQL,Squall Coin,X11,TRUE,PoS/PoW,329200.0164,0.00
MIL,Milllionaire Coin,X11,TRUE,PoW/PoS,0,0.00
QTZ,Quartz,SHA-256,TRUE,PoW/PoS,,0.00
SPC,SpinCoin,NIST5,TRUE,PoW/PoS,,0.00
DUB,DubCoin,X15,TRUE,PoW/PoS,,0.00
GRAV,Graviton,SHA-256,TRUE,PoW/PoS,,0.00
XSEED,BitSeeds,SHA-256,TRUE,PoW/PoS,,0.00
CHIP,Chip,X11,TRUE,PoW,,0.00
SPRTS,Sprouts,SHA-256,TRUE,PoW/PoS,,0.00
SC,Siacoin,Blake2b,TRUE,PoW,33098296530,0.00
LYB,LyraBar,Lyra2RE,TRUE,PoW/PoS,,0.00
PWR,PWR Coin,NIST5,TRUE,PoW/PoS,10069449032,0.00
ROOT,RootCoin,Scrypt,TRUE,PoW/PoS,1939889,0.00
BTCR,BitCurrency,Scrypt,TRUE,PoS,169598616,0.00
PSB,PesoBit,Scrypt,TRUE,PoW/PoS,33522957,0.00
CRSP,CryptoSpots,DPoS,TRUE,DPoS,,0.00
INF8,Infinium-8,CryptoNight,FALSE,PoW,,0.00
DYN,Dynamic,Argon2d,TRUE,PoW,19784224.65,0.00
NYC,NewYorkCoin,Scrypt,TRUE,PoW,1.43007E+11,0.00
JMC,Junson Ming Chan Coin,X11,TRUE,PoS,17209923728,0.00
VEO,Amoveo,SHA-256,TRUE,PoW,,0.00
TRK,TruckCoin,X11,TRUE,PoW/PoS,242574105.2,0.00
ASN,Ascension Coin,QuBit,TRUE,PoW/PoS,0,0.00
HYPER,HyperCoin,Scrypt,TRUE,PoW/PoS,9631199.993,0.00
TWLV,Twelve Coin,T-Inside,TRUE,PoW/PoS,,0.00
BTQ,BitQuark,Multiple,TRUE,PoW,,0.00
EOS,EOS,DPoS,TRUE,DPoS,1020544523,0.00
OXY,Oxycoin,DPoS,TRUE,DPoS,1122382283,0.00
XQN,Quotient,Scrypt,TRUE,PoW/PoS,,0.00
CHAO,23 Skidoo,SHA-256D,TRUE,PoW,,23.00
42,42 Coin,Scrypt,TRUE,PoW/PoS,41.99995383,42.00
DUCK,DuckDuckCoin,Scrypt,TRUE,PoW,,121.00
LTD,Limited Coin,PoS,TRUE,PoS,,128.00
SYNC,SyncCoin,X11,TRUE,PoW/PoS,1177,1000.00
CRPS,CryptoPennies,X11,TRUE,PoS,,1593.15
MMXIV,MaieutiCoin,SHA-256,TRUE,PoS,0,2014.00
EGG,EggCoin,Scrypt,TRUE,PoW/PoS,,3891.00
FCTC,FaucetCoin,X13,FALSE,PoS,,10000.00
BMXT,Bitmxittz,Scrypt,FALSE,PoW/PoS,,10000.00
CVNC,CovenCoin,SHA-256,TRUE,PoW/PoS,,33000.00
EPY,Empyrean,Scrypt,TRUE,PoW,,100000.00
GIZ,GIZMOcoin,X11,TRUE,PoW/PoS,0,100000.00
TRI,Triangles Coin,X13,TRUE,PoW/PoS,140777.7534,120000.00
PIO,Pioneershares,X11,TRUE,PoW/PoS,,200000.00
DES,Destiny,Scrypt,TRUE,PoW/PoS,,212625.00
UNO,Unobtanium,SHA-256,TRUE,PoW,200911.7915,250000.00
MPRO,MediumProject,PoS,TRUE,PoW,,250000.00
ZOOM,ZoomCoin,Lyra2RE,TRUE,PoW,,250000.00
RT2,RotoCoin,Scrypt-n,TRUE,PoW/PoS,,288000.00
TECH,TechCoin,X13,TRUE,PoW/PoS,,300000.00
32BIT,32Bitcoin,X11,TRUE,PoW/PoS,,355000.00
NETC,NetworkCoin,X13,TRUE,PoW/PoS,,400000.00
KNGN,KingN Coin,Scrypt,FALSE,PoW/PoS,,420000.00
BTB,BitBar,Scrypt,TRUE,PoW/PoS,42579.4769,500000.00
CHA,Charity Coin,Scrypt,TRUE,PoW,,500000.00
ICON,Iconic,PoS,TRUE,PoS,,520000.00
611,SixEleven,SHA-256,TRUE,PoW,,611000.00
OMNI,Omni,Scrypt,TRUE,PoW,616448,616448.00
MSC,MasterCoin,Scrypt,TRUE,PoW,619478,619478.00
FIBRE,FIBRE,NIST5,TRUE,PoW/PoS,0,624000.00
PSI,PSIcoin,X11,TRUE,PoS,,696969.00
LSD,LightSpeedCoin,NIST5,TRUE,PoW/PoS,,900000.00
7,007 coin,Scrypt,TRUE,PoW,,989800.00
MLITE,MeLite,SHA-256D,TRUE,PoW/PoS,,1000000.00
CBX,CryptoBullion,Scrypt,TRUE,PoW/PoS,1039116.651,1000000.00
FRAC,FractalCoin,X11,TRUE,PoW,,1000000.00
KEYC,KeyCoin,X13,FALSE,PoW/PoS,,1000000.00
LXC,LibrexCoin,X11,TRUE,PoW/PoS,0,1000000.00
MINRL,Minerals Coin,X11,FALSE,PoW/PoS,,1000000.00
SHLD,ShieldCoin,X15,TRUE,PoW/PoS,0,1000000.00
SILK,SilkCoin,Scrypt,TRUE,PoW/PoS,0,1000000.00
TAG,TagCoin,Scrypt,TRUE,PoW/PoS,,1000000.00
TITC,TitCoin,Scrypt,TRUE,PoW,,1000000.00
SLING,Sling Coin,SHA-256,TRUE,PoW,0,1000000.00
ICASH,ICASH,X11,TRUE,PoW,,1000000.00
VMC,VirtualMining Coin,Scrypt-n,TRUE,PoW,,1000000.00
FLX,Flash,Scrypt,TRUE,PoW/PoS,,1000000.00
DGDC,DarkGold,X13,TRUE,PoW/PoS,,1000000.00
PLANET,PlanetCoin,Scrypt,TRUE,PoW/PoS,,1000000.00
DUO,ParallelCoin,Scrypt,TRUE,PoW,0,1000000.00
XWT,World Trade Funds,X15,TRUE,PoW/PoS,,1000000.00
XBC,BitcoinPlus,Scrypt,TRUE,PoS,128326.9963,1000000.00
SOLE,SoleCoin,X15,TRUE,PoW/PoS,,1200000.00
ZET2,Zeta2Coin,Quark,TRUE,PoW/PoS,,1200000.00
BTTF,Coin to the Future,PoS,TRUE,PoS,,1210000.00
ALEX,Alexandrite,SHA-256,TRUE,PoW/PoS,,1268000.00
XBS,Bitstake,X11,TRUE,PoW/PoS,0,1300000.00
INC,Incrementum,PoS,TRUE,PoS,,1300000.00
PTA,PentaCoin,SHA-256,TRUE,PoW/PoS,,1311955.00
LTB,Litebar ,Scrypt,TRUE,PoW,1104344.229,1350000.00
DRKT,DarkTron,SHA-256,TRUE,PoW/PoS,,1500000.00
ACOIN,ACoin,SHA-256,TRUE,PoW,0,1600000.00
MCT,1717 Masonic Commemorative Token,Ethash,TRUE,PoS,1618033,1618033.00
HVCO,High Voltage Coin,SHA-256,TRUE,PoW/PoS,,1700000.00
GSM,GSM Coin,X11,TRUE,PoW/PoS,,1800000.00
SHADE,ShadeCoin,Scrypt,TRUE,PoW/PoS,,2000000.00
XBOT,SocialXbotCoin,Scrypt,TRUE,PoW/PoS,0,2000000.00
CHILD,ChildCoin,X11,TRUE,PoW,,2000000.00
CMTC,CometCoin,Scrypt,TRUE,PoW,,2000000.00
VAPOR,Vaporcoin,SHA-256,TRUE,PoW/PoS,,2000000.00
DSB,DarkShibe,Scrypt,TRUE,PoW,0,2043962.00
XAU,XauCoin,SHA-256,TRUE,PoW,,2100000.00
XRC,Bitcoin Rhodium,X13,TRUE,PoW,1170292.5,2100000.00
PSEUD,PseudoCash,X13,TRUE,PoW/PoS,,2200000.00
NXE,NXEcoin,NIST5,TRUE,PoW/PoS,,2200000.00
MAPC,MapCoin,X11,TRUE,PoS,0,2228921.18
DBIX,DubaiCoin,Dagger-Hashimoto,TRUE,PoW,2232901,2232901.00
SPKTR,Ghost Coin,SHA-256,TRUE,PoW/PoS,,2270000.00
XDQ,Dirac Coin,Blake,TRUE,PoW,,2272800.00
XCE,Cerium,SHA-256,TRUE,PoW/PoS,,2307925.00
XCSH,Xcash,Scrypt,FALSE,PoW/PoS,,2400000.00
CLINT,Clinton,SHA-256,TRUE,PoW,0,2421227.00
ROYAL,RoyalCoin,X13,TRUE,PoS,2500124,2500124.00
RYCN,RoyalCoin 2.0,X13,TRUE,PoS,,2500124.00
CF,Californium,SHA-256,TRUE,PoW,,2520000.00
FRC,FireRoosterCoin,SHA-256,TRUE,PoW,0,2602410.00
ULTC,Umbrella,SHA-256,TRUE,PoW,0,2625000.00
WBB,Wild Beast Coin,Scrypt,TRUE,PoW,181919.2436,2628000.00
OS76,OsmiumCoin,Scrypt,TRUE,PoW,894026,2714286.00
NUKE,NukeCoin,PoS,TRUE,PoS,,2778196.00
J,JoinCoin,Multiple,TRUE,PoW,3332922.5,2800000.00
HSP,Horse Power,Scrypt,TRUE,PoW,,2900000.00
MCAR,MasterCar,Scrypt,TRUE,PoW/PoS,,2991837.00
DANK,DarkKush,X13,TRUE,PoW/PoS,,3000000.00
EKN,Elektron,X13,TRUE,PoW/PoS,,3000000.00
MST,MustangCoin,X11,TRUE,PoW/PoS,657636.3455,3000000.00
BRIA,Briacoin,Scrypt,TRUE,PoW/PoS,845637.8135,3000000.00
XSB,Extreme Sportsbook,X11,FALSE,PoS,,3000000.00
TWIST,TwisterCoin,X11,TRUE,PoW/PoS,,3195000.00
JBS,JumBucks Coin,X11,TRUE,PoW/PoS,0,3293010.00
GAKH,GAKHcoin,Scrypt,TRUE,PoW/PoS,3315789,3315789.00
BVC,BeaverCoin,Scrypt,TRUE,PoW,3115258,3360000.00
OMC,OmniCron,Scrypt,TRUE,PoW,10140044.44,3371337.00
MRP,MorpheusCoin,X11,TRUE,PoW,,3400000.00
PURE,Pure,X11,TRUE,PoW/PoS,0,3686860.00
DRKC,DarkCash,X11,TRUE,PoW/PoS,0,3720000.00
ORB,Orbitcoin,NeoScrypt,TRUE,PoW/PoS,3220616.279,3770000.00
BLITZ,BlitzCoin,X13,TRUE,PoS,0,3852156.00
XEN,XenixCoin,X11,TRUE,PoW/PoS,3853326.777,3853326.78
RZR,RazorCoin,Scrypt,TRUE,PoW,,4000000.00
EMIGR,EmiratesGoldCoin,SHA-256,FALSE,PoW,,4000000.00
LCP,Litecoin Plus,Scrypt,TRUE,PoW/PoS,2504486.228,4000000.00
ETHS,EthereumScrypt,Scrypt,TRUE,PoW/PoS,0,4200000.00
ETHD,Ethereum Dark,Scrypt,TRUE,PoW/PoS,4200000,4200000.00
PSY,Psilocybin,SHA-256D,TRUE,PoW/PoS,,4214600.00
DMD,Diamond,Groestl,TRUE,PoW/PoS,3304487.747,4380000.00
BRONZ,BitBronze,Scrypt,TRUE,PoW,,4502400.00
XFT,Fantasy Cash,Scrypt,TRUE,PoW/PoS,0,4600000.00
NRS,NoirShares,Scrypt,TRUE,PoW/PoS,,5000000.00
XNG,Enigma,X11,TRUE,PoW/PoS,814671,5000000.00
MXT,MartexCoin,X13,TRUE, PoW/PoS,,5000000.00
ALTCOM,AltCommunity Coin,SkunkHash,TRUE,PoW/PoS,0,5000000.00
IC,Ignition,Scrypt,TRUE,PoW/PoS,1182153.5,5000000.00
BTA,Bata,Scrypt,TRUE,PoW,5052555.92,5000000.00
DRZ,Droidz,QUAIT,TRUE,PoW/PoS,8568038.359,5060000.00
JIF,JiffyCoin,SHA-256D,TRUE,PoW,,5108400.00
GIC,Giant,Quark,TRUE,PoW/PoS,5919489.768,5151000.00
TAM,TamaGucci,Scrypt,TRUE,PoW/PoS/PoC,,5300000.00
GBIT,GravityBit,Scrypt,TRUE,PoW/PoS,,5333000.00
XC,X11 Coin,X11,TRUE,PoW/PoS,6950831.097,5500000.00
APEX,ApexCoin,X13,TRUE,PoW/PoS,0,6000000.00
CRACK,CrackCoin,X11,TRUE,PoW,,6000000.00
XPRO,ProCoin,X15,TRUE,PoW/PoS,,6000000.00
C25,C25 Coin,SkunkHash,TRUE,PoW,0,6100000.00
OBS,Obscurebay,X11,TRUE,PoW/PoS,,6562000.00
GIFT,GiftNet,X13,TRUE,PoW,,6750000.00
AERO,Aero Coin,X13,TRUE,PoS,0,7000000.00
GLYPH,GlyphCoin,X11,TRUE,PoW/PoS,0,7000000.00
HONEY,Honey,Blake2S,TRUE,PoW/PoS,,7000000.00
COG,Cognitio,SHA-256D,FALSE,PoW/PoS,658584.4616,7500000.00
OTX,Octanox,X11,TRUE,PoW/PoS,0,7905634.00
SEEDS,SeedShares,SHA-256D,TRUE,PoW/PoS,,7996400.00
KNG,BetKings,X11,FALSE,PoS,11359634.65,8148139.00
CNL,ConcealCoin,X11,TRUE,PoW,,8500000.00
PART,Particl,PoS,TRUE,PoS,9283137.556,8634140.00
ICB,IceBergCoin,NIST5,TRUE,PoW/PoS,,8750000.00
SCT,ScryptToken,Scrypt,TRUE,PoW/PoS,,8842105.00
PHS,PhilosophersStone,Scrypt,TRUE,PoW,,8891840.00
SPCIE,Specie,PoS,TRUE,PoS,,9000000.00
TBCX,TrashBurn,SHA-256D,TRUE,PoS,,9000000.00
RADS,Radium,PoS,TRUE,PoS,3821245.742,9000000.00
RMS,Resumeo Shares,NIST5,TRUE,PoS,,9188302.00
KUSH,KushCoin,X11,TRUE,PoW/PoS,5659096.957,9354000.00
XMCC,Monoeci,X11,TRUE,PoW/PoS,12569262.54,9507271.00
ZYD,ZayedCoin,SHA-256,TRUE,PoW,6243840,9736000.00
HXX,HexxCoin,Lyra2RE,TRUE,PoW,1876146.444,9999999.00
MINC,MinCoin,Scrypt,TRUE,PoW,5804204.888,10000000.00
TOR,TorCoin,X11,TRUE,PoW/PoS,1431851,10000000.00
STV,Sativa Coin,X13,TRUE,PoW/PoS,7096834,10000000.00
MMC,MemoryCoin,Multiple,TRUE,PoW,,10000000.00
CAMC,Camcoin,X11,FALSE,PoW/PoS,,10000000.00
MNM,Mineum,X13,TRUE,PoW/PoS,,10000000.00
KRB,Karbo,CryptoNight,TRUE,PoW,7822432.724,10000000.00
LAZ,Lazarus,DPoS,TRUE,DPoS,,10000000.00
FJC,FujiCoin,Scrypt-n,TRUE,PoW,0,10000000.00
WOP,WorldPay,X11,TRUE,PoW/PoS,,10000000.00
AV,Avatar Coin,PoS,TRUE,PoS,,10000000.00
UAEC,United Arab Emirates Coin,X11,FALSE,PoW/PoS,,10000000.00
RICE,RiceCoin,X13,TRUE,PoW/PoS,,10000000.00
SBSC,Subscriptio,PoS,TRUE,PoS,,10000000.00
DNR,Denarius,NIST5,TRUE,PoW/PoS,4171382,10000000.00
MADC,MadCoin,Scrypt,TRUE,PoW,,10000000.00
ELIC,Elicoin,YescryptR16,TRUE,PoW,,10000000.00
HMN,Harvest Masternode Coin,Scrypt,TRUE,PoW/PoS,,10000000.00
MTR,MasterTraderCoin,X11,TRUE,PoW/PoS,0,10110000.00
DBIC,DubaiCoin,SHA-256,TRUE,PoW/PoS,5129014,10500000.00
NBIT,NetBit,Scrypt,TRUE,PoW/PoS,,10500000.00
GIN,GINcoin,Lyra2Z,TRUE,PoW,6986399.704,10500000.00
DLC,DollarCoin,SHA-256,TRUE,PoW,9106714,10638298.00
ECOC,ECOcoin,Scrypt,TRUE,PoW/PoS,,10733333.00
Z2,Z2 Coin,SHA-256,FALSE,PoW,,11000000.00
ZILLA,ChainZilla,Equihash,FALSE,DPoW,11000068.27,11000000.00
CCX,CoolDarkCoin,Scrypt,TRUE,PoW/PoS,,11052632.00
FRK,Franko,Scrypt,TRUE,PoW,1142732.149,11235813.00
CMOS,Cosmo,Quark,FALSE,PoW,8928876.686,11892000.00
RIPO,RipOffCoin,Scrypt,TRUE,PoW,0,12000000.00
KORE,Kore,X13,TRUE,PoW/PoS,2022464.887,12000000.00
AM,AeroMe,X13,TRUE,PoW/PoS,0,12000000.00
TRUMP,TrumpCoin,Blake,TRUE,PoS,0,12000000.00
XPY,PayCoin,SHA-256,TRUE,PoS,11995334.88,12500000.00
COAL,BitCoal,CryptoNight,TRUE,PoW,4500000,12500000.00
DARK,Dark,SHA-256,TRUE,PoW/PoS,,12800000.00
UNITS,GameUnits,Scrypt,TRUE,PoW/PoS,3472983,13000000.00
CCN,CannaCoin,Scrypt,TRUE,PoW,4703879.518,13140000.00
CSPN,Crypto Sports,Quark,TRUE,PoS,1934701.675,13370000.00
ETHO,ETHER-1,Ethash,TRUE,PoW,0,13666237.00
REDN,Reden,X16S,FALSE,PoW,0,14000000.00
FIND,FindCoin,X13,TRUE,PoS,14524851.48,14524851.48
BLHC,BlackholeCoin,Scrypt,TRUE,PoW/PoS,16362544.99,14788275.99
CINNI,CINNICOIN,Scrypt,TRUE,PoW,,15000000.00
XSI,Stability Shares,Scrypt,TRUE,PoW/PoS,,15000000.00
PXL,Phalanx,SHA-256,TRUE,PoW,0,15000000.00
DBG,Digital Bullion Gold,PoS,TRUE,PoS,0,15000000.00
ASAFE2,Allsafe,Quark,TRUE,PoS,10517772.74,15000000.00
AMX,Amero,NeoScrypt,TRUE,PoW/PoS,,15000000.00
GEN,Genstake,Scrypt,TRUE,PoW/PoS,60000000,15000000.00
GMCN,GambleCoin,Scrypt,FALSE,PoS,8240763.495,15600000.00
TER,TerraNovaCoin,Scrypt,TRUE,PoW/PoS,1140734.917,15733333.00
MND,MindCoin,X11,TRUE,PoW,15867695,16000000.00
BIT16,16BitCoin,NIST5,TRUE,PoW/PoS,0,16000000.00
NAUT,Nautilus Coin,Scrypt,TRUE,PoS,16180000,16180000.00
ARCH,ArchCoin,Scrypt,TRUE,PoS,0,16403135.00
XLB,LibertyCoin,X11,TRUE,PoW/PoS,,16500000.00
CRB,Creditbit ,X11,TRUE,Proof of Trust,16901016.66,16504333.00
MUN,MUNcoin,SkunkHash,TRUE,PoW,4818338.989,16600000.00
AUR,Aurora Coin,Scrypt,TRUE,PoW/PoS,18135099.99,16768584.00
EXP,Expanse,Ethash,TRUE,PoW,10495278,16906397.00
KTK,KryptCoin,Scrypt,TRUE,PoS,0,17000000.00
ZER,Zero,Equihash,TRUE,PoW,6921653.9,17000000.00
SKC,Skeincoin,Skein,TRUE,PoW,0,17000000.00
DFT,Draftcoin,Scrypt,TRUE,PoS,18663297.35,17405891.20
LTCP,LitecoinPro,Scrypt,TRUE,PoW,,17500000.00
ARMS,2Acoin,CryptoNight-V7,FALSE,PoW,,17910000.00
CRYPT,CryptCoin,X11,TRUE,PoW,4996986.206,18000000.00
ELS,Elysium,Scrypt,TRUE,PoW,,18000000.00
KZC,KZCash,X11,TRUE,PoW,,18000000.00
KEC,KEYCO,Tribus,TRUE,PoW,795447,18000000.00
MUSE,Muse,DPoS,TRUE,PoS,18194936,18081806.00
DOGETH,EtherDoge,X11,TRUE,PoW/PoS,,18100000.00
AEON,AEON,CryptoNight-Lite,TRUE,PoW,0,18400000.00
FNO,Fonero,PHI1612,TRUE,PoW,,18400000.00
XMC,Monero Classic,CryptoNight,TRUE,PoW,16016864,18400000.00
DERO,Dero,CryptoNight,TRUE,PoW,,18400000.00
XNB,Xeonbit,CryptoNight,TRUE,PoW,,18400000.00
FCN,FantomCoin ,CryptoNight,TRUE,PoW,0,18400000.00
DSH,Dashcoin,CryptoNight,TRUE,PoW,0,18446744.00
BIPC,BipCoin,CryptoNight,TRUE,PoW,,18446744.00
ITA,Italocoin,CryptoNight Heavy,FALSE,PoW,,18446744.00
QCN,Quazar Coin,CryptoNight,TRUE,PoW,0,18446744.00
BBR,Boolberry,X11,TRUE,PoW,0,18450000.00
MSR,Masari,CryptoNight,TRUE,PoW,,18500000.00
ONION,DeepOnion,X13,TRUE,PoW/PoS,21917018.05,18898187.62
DAS,DAS,X11,TRUE,PoW,2622886,18900000.00
BBCC,BaseballCardCoin,Scrypt,TRUE,PoW/PoS,,19000000.00
XGS,GenesisX,XEVAN,FALSE,PoS,0,19000000.00
GALI,Galilel,Quark,TRUE,PoW/PoS,18265011.25,19035999.00
UNIFY,Unify,Scrypt,TRUE,PoW,18133195,19276800.00
SPD,Stipend,C11,TRUE,PoW/PoS,11251342.19,19340594.00
GUE,GuerillaCoin,X11,TRUE,PoW/PoS,,19500000.00
DASHP,Dash Platinum,X11,TRUE,PoS,715659.4424,19700000.00
SUCR,Sucre,X11,TRUE,PoW,4229040.504,19800000.00
SPR,Spreadcoin,X11,TRUE,PoW,11149734,20000000.00
KDC,Klondike Coin,Scrypt,TRUE,PoW,,20000000.00
LKY,LuckyCoin,Scrypt,TRUE,PoW,19326319.14,20000000.00
U,Ucoin,X11,TRUE,PoS,2689812,20000000.00
VTR,Vtorrent,Scrypt,TRUE,PoW/PoS,11604722,20000000.00
NEBU,Nebuchadnezzar,PoS,TRUE,PoS,20000000,20000000.00
FRN,Francs,Scrypt,TRUE,PoW,6570807.657,20000000.00
KRAK,Kraken,SHA-256,TRUE,PoW/PoS,,20000000.00
SPORT,SportsCoin,X11,TRUE,PoS,,20000000.00
PRE,Premium,Scrypt,TRUE,PoW,,20000000.00
LUCKY,LuckyBlocks,PoS,TRUE,PoS,,20000000.00
XCRE,Creatio,PoS,TRUE,PoS,20000000,20000000.00
EUC,Eurocoin,SHA-256,TRUE,PoW/PoS,12416554,20000000.00
PRX,Printerium,Scrypt,TRUE,PoW/PoS,11821728,20000000.00
SFC,Solarflarecoin,Scrypt,TRUE,PoW,0,20000000.00
HAMS,HamsterCoin,Scrypt,TRUE,PoW,,20000000.00
FRAZ,FrazCoin,Scrypt,TRUE,PoW,9704042,20000000.00
NRO,Neuro,SHA-256,FALSE,PoW/PoS,,20000000.00
KLKS,Kalkulus,Quark,TRUE,PoS,16955764.9,20000000.00
STN,Steneum Coin,Scrypt,TRUE,PoW,,20000000.00
SCRM,Scorum,DPoS,TRUE,DPoS,,20000000.00
UBTC,UnitedBitcoin,SHA-256,TRUE,PoW,20166000,20166000.00
BIOS,BiosCrypto,Quark,TRUE,PoW/PoS,0,20190463.55
EAGS,EagsCoin,X11,TRUE,PoW/PoS,,20445500.00
RBTC,Smart Bitcoin,SHA-256,TRUE,PoW,0,20999764.00
BTC,Bitcoin,SHA-256,TRUE,PoW,17927175,21000000.00
ZEC,ZCash,Equihash,TRUE,PoW,7383056.25,21000000.00
PRC,ProsperCoin,Scrypt,TRUE,PoW,5768310,21000000.00
LIMX,LimeCoinX,X11,TRUE,PoW,0,21000000.00
CAT,Catcoin,Scrypt,TRUE,PoW,7219956.646,21000000.00
EFL,E-Gulden,Scrypt,TRUE,PoW,20910478.81,21000000.00
EXE,ExeCoin,Scrypt,TRUE,PoW,,21000000.00
IXC,IXcoin,SHA-256,TRUE,PoW,21089349,21000000.00
NMC,Namecoin,SHA-256,TRUE,PoW,14736400,21000000.00
RPC,RonPaulCoin,Scrypt,TRUE,PoW,1104157.422,21000000.00
SRC,SecureCoin,Scrypt,TRUE,PoW,0,21000000.00
SSV,SSVCoin,X13,TRUE,PoW,,21000000.00
SOON,SoonCoin,SHA-256,TRUE,PoW,12462620,21000000.00
BSC,BowsCoin,X11,TRUE,PoW,15863837.5,21000000.00
I0C,I0coin,SHA-256,TRUE,PoW,20997476.87,21000000.00
DCR,Decred,BLAKE256,TRUE,PoW/PoS,10365046.93,21000000.00
FUZZ,Fuzzballs,Scrypt,TRUE,PoW,,21000000.00
SCRT,SecretCoin,X11,TRUE,PoW/PoS,0,21000000.00
BXT,BitTokens,SHA-256,TRUE,PoW/PoS,595429,21000000.00
ZNE,ZoneCoin,Scrypt,TRUE,PoW/PoS,2581970,21000000.00
ZCL,ZClassic,Equihash,TRUE,PoW,5613550,21000000.00
HUSH,Hush,Equihash,TRUE,PoW,0,21000000.00
EBZ,Ebitz,PoS,FALSE,PoS,,21000000.00
PNC,PlatiniumCoin,SHA-256,TRUE,PoW,,21000000.00
ODNT,Old Dogs New Tricks,SHA-256D,TRUE,PoW/PoS,,21000000.00
CORAL,CoralPay,X13,TRUE,PoS,,21000000.00
XCI,Cannabis Industry Coin,CryptoNight,TRUE,PoW,978145,21000000.00
OPTION,OptionCoin,X11,TRUE,PoS,,21000000.00
IOP,Internet of People,SHA-256,TRUE,PoW/PoS,2526078.475,21000000.00
ZOI,Zoin,Lyra2RE,TRUE,PoW,18545757.5,21000000.00
BTCS,Bitcoin Scrypt,Scrypt,TRUE,PoW,0,21000000.00
SAND,BeachCoin,X11,TRUE,PoW,,21000000.00
BTX,Bitcore,Time Travel,TRUE,PoW,17801865.16,21000000.00
BCH,Bitcoin Cash,SHA-256,TRUE,PoW,17995589.65,21000000.00
BTG,Bitcoin Gold,Equihash,TRUE,PoW,17202361.09,21000000.00
XIOS,Xios,Scrypt,TRUE,PoW/PoS,2149688,21000000.00
KEK,KekCoin,POS 2.0,TRUE,PoS,12330806.31,21000000.00
CHIPS,CHIPS,SHA-256,TRUE,PoW,0,21000000.00
SPK,SparksPay,NeoScrypt,TRUE,PoW,7847417.334,21000000.00
MONK,Monkey Project,X11,TRUE,PoS,4407252,21000000.00
BCA,Bitcoin Atom,SHA-256,TRUE,PoW/PoS,,21000000.00
B2X,SegWit2x,X11,TRUE,PoW/PoS,,21000000.00
SCOOBY,Scooby coin,Scrypt,TRUE,PoW/PoS,,21000000.00
BTCP,Bitcoin Private,Equihash,TRUE,PoW,0,21000000.00
BTCH,Bitcoin Hush,Equihash,TRUE,PoW,0,21000000.00
PSD,Poseidon,Scrypt,TRUE,PoW,4070212.149,21000000.00
CVTC,CavatCoin,DPoS,FALSE,DPoS,,21000000.00
BITG,Bitcoin Green,Green Protocol,TRUE,PoS,9803691.362,21000000.00
RAP,Rapture,NeoScrypt,FALSE,PoW,4478901.292,21000000.00
JUMP,Jumpcoin,NIST5,TRUE,PoW,21069346.25,21000000.00
XBI,Bitcoin Incognito,XEVAN,TRUE,PoS/PoW,10904963.09,21000000.00
BTCN,BitcoiNote,CryptoNight,TRUE,PoW,,21000000.00
BTCC,Bitcoin Core,SHA-256,TRUE,PoW,,21000000.00
PLUS1,PlusOneCoin,HMQ1725,TRUE,PoW,8645406.168,21000000.00
AXE,Axe,X11,TRUE,PoW,4993030.697,21000000.00
DTEM,Dystem,Quark,TRUE,PoS,7082392.247,21000000.00
BSPM,Bitcoin Supreme,Scrypt,TRUE,PoS,,21000000.00
SPLB,SimpleBank,NeoScrypt,FALSE,PoW/PoS,2381470.978,21000000.00
LTPC,Lightpaycoin,Quark,TRUE,PoS,,21000000.00
BTV,Bitvote,CryptoNight,TRUE,PoW/PoS,,21000000.00
BSV,Bitcoin SV,SHA-256,TRUE,PoW,17992514.65,21000000.00
BBTC,BlakeBitcoin,Blake,FALSE,PoW,20595483.85,21000000.00
EXO,Exosis,Exosis,TRUE,PoW,406091.925,21000000.00
OWC,Oduwa,Scrypt,TRUE,PoW/PoS,14777549.39,21000000.00
NEOS,NeosCoin,SHA-256,TRUE,PoS,4392258.246,21000000.00
GEX,Gexan,PHI2,FALSE,PoW/PoS,2233828.13,21000000.00
ZEN,Horizen,Equihash,TRUE,PoW,7296537.5,21000000.00
OPSC,OpenSourceCoin,SHA-256,FALSE,PoW/PoS,,21000000.00
XDB,DragonSphere,X11,TRUE,PoW/PoS,,21007600.00
EVIL,EvilCoin,X11,TRUE,PoW/PoS,,21024000.00
SBTC,Super Bitcoin,SHA-256,TRUE,PoW,,21210000.00
RUST,RustCoin,Scrypt,TRUE,PoW/PoS,,21212121.00
BRDD,BeardDollars,Scrypt,TRUE,PoW/PoS,,21212121.00
IMS,Independent Money System,Scrypt,TRUE,PoW/PoS,5368934,21212121.00
BOG,Bogcoin,SHA-256,TRUE,PoW,,21212121.00
XZC,ZCoin,Lyra2Z,TRUE,PoW,7568281.25,21400000.00
JUDGE,JudgeCoin,X13,TRUE,PoW/PoS,0,21600000.00
MINE,Instamine Nuggets,Scrypt,TRUE,PoW,,21649485.00
IMPCH,Impeach,Scrypt,TRUE,PoW/PoS,308179,21933333.00
DASH,Dash,X11,TRUE,PoW/PoS,9031294.376,22000000.00
BTCD,BitcoinDark,SHA-256,TRUE,PoW/PoS,1288862,22000000.00
IOC,IOCoin,X11,TRUE,PoW/PoS,17650913.97,22000000.00
EDRC,EDRCoin,SHA-256,TRUE,PoW/PoS,3669691.845,22000000.00
BRAIN,BrainCoin,X11,TRUE,PoW/PoS,,22000000.00
DSR,Desire,NeoScrypt,TRUE,PoW,,22000000.00
CRU,Curium,X11,TRUE,PoW,0,22000000.00
XMN,Motion,X16R,TRUE,PoW,8125865.021,22075700.00
WSC,WiserCoin,Scrypt,FALSE,PoW,,22105263.00
HEX,HexCoin,Scrypt,TRUE,PoW,1416663.066,22105263.00
BCI,Bitcoin Interest,Equihash,TRUE,PoW,0,22300000.00
YOVI,YobitVirtualCoin,SHA-256,TRUE,PoS,,22830000.00
VIA,ViaCoin,Scrypt,TRUE,PoW,23150892.17,23000000.00
PCOIN,Pioneer Coin,X11,TRUE,PoW,8478104.34,23000000.00
ITZ,Interzone,C11,TRUE,PoW,11916588.09,23000000.00
FLM,FOLM coin,PHI1612,FALSE,PoW,0,23001916.00
AMY,Amygws,Scrypt,TRUE,PoW,,23333333.00
ORO,OroCoin,Scrypt,TRUE,PoW,,23529412.00
GAIA,GAIA Platform,X11,TRUE,PoS,,24000000.00
SIB,SibCoin,X11GOST,TRUE,PoW,17263355,24000000.00
DKC,DarkKnightCoin,Scrypt,TRUE,PoW/PoS,,24000000.00
RUP,Rupee,Lyra2REv2,TRUE,PoS,24000000,24000000.00
CWIS,Crypto Wisdom Coin,Scrypt,FALSE,PoW,17630550.21,24000000.00
RCC,Reality Clash,Ethash,TRUE,PoW,24487944.1,24487944.00
NMB,Nimbus Coin,X15,TRUE,PoW/PoS,,25000000.00
BOLI,BolivarCoin,X11,TRUE,PoW,13654082.5,25000000.00
PIZZA,PizzaCoin,X11,TRUE,PoW,1377917,25000000.00
TAB,MollyCoin,Scrypt,TRUE,PoW/PoS,,25000000.00
MIS,MIScoin,X11,TRUE,PoW/PoS,,25000000.00
BIC,Bikercoins,CryptoNight,TRUE,PoW,9357088,25000000.00
NOO,Noocoin,PoS,TRUE,PoS,,25000000.00
HAZE,HazeCoin,Scrypt,TRUE,PoW,,25000000.00
POLIS,PolisPay,X11,TRUE,PoW,,25000000.00
TPAY,TokenPay,POS 3.0,TRUE,PoS,20445861.53,25000000.00
CRDNC,Credence Coin,SHA-256,FALSE,PoW/PoS,3427006,25000000.00
DGM,DigiMoney,X11,FALSE,PoW/PoS,3521630,25000000.00
PUSHI,Pushi,X11,TRUE,PoW/PoS,2167827.1,25000000.00
ADK,Aidos Kuneen,IMesh,TRUE,PoW,25000000,25000000.00
OYS,Oyster Platform,X11,FALSE,PoS,,25000000.00
AZART,Azart,X11,TRUE,PoW,5015881.373,25000000.00
TFC,The Freedom Coin,X11,TRUE,PoS,0,25000000.00
PKB,ParkByte,SHA-256,TRUE,PoW/PoS,0,25000000.00
LIT,Lithium,Blake,TRUE,PoW,15846721.25,25228800.00
CYG,Cygnus,X11,TRUE,PoW/PoS,,25885320.00
UTH,Uther,Dagger,TRUE,PoW,,25885320.00
HWC,HollyWoodCoin,Scrypt,TRUE,PoS,38706809.47,26000000.00
ELE,Elementrem,Ethash,TRUE,PoW,26205539,26205539.00
ORE,Galactrum,Lyra2REv2,TRUE,PoW/PoS,,26280000.00
INFX,Infinex,Lyra2RE,TRUE,PoW,5097689.711,26280000.00
EGC,EverGreenCoin,X15,TRUE,PoW/PoS,13530556.42,26298000.00
REC,Regalcoin,X11,TRUE,PoW/PoS,7262402.043,27000000.00
VIVO,VIVO Coin,NeoScrypt,TRUE,PoW,4165967.575,27000000.00
BCO*,BridgeCoin,Scrypt,FALSE,PoW,0,27000000.00
CLR,CopperLark,SHA-256,TRUE,PoW,,27200000.00
BTMK,BitMark,Scrypt,TRUE,PoW,0,27580000.00
LOG,Wood Coin,Skein,TRUE,PoW,,27625814.00
BWK,Bulwark,NIST5,TRUE,PoS,13247178.88,27716121.00
BCCOIN,BitConnect Coin,Scrypt,TRUE,PoW/PoS,11080722.38,28000000.00
PCM,Procom,Scrypt,TRUE,PoW,,28000000.00
HBC,HomeBlockCoin,X11,FALSE,PoW/PoS,0,28000000.00
ARGUS,ArgusCoin,Scrypt,TRUE,PoW/PoS,1148324,28600000.00
ZEST,ZestCoin,Quark,TRUE,PoW,0,29300000.00
CRAIG,CraigsCoin,X11,TRUE,PoS,,30000000.00
PYC,PayCoin,Scrypt,TRUE,PoW/PoS,,30000000.00
SOIL,SoilCoin,Dagger,TRUE,PoW,5702048,30000000.00
SH,Shilling,Scrypt,TRUE,PoW,11119200,30000000.00
INSANE,InsaneCoin,X11,TRUE,PoW/PoS,18342813,30000000.00
CQST,ConquestCoin,X13,TRUE,PoW/PoS,,30000000.00
PHR,Phreak,PoS,TRUE,PoS,11390225.97,30000000.00
CHAN,ChanCoin,Cloverhash,TRUE,PoW,18407259.09,30000000.00
BRIT,BritCoin,X13,TRUE,PoW/PoS,21268092,30000000.00
MBC,My Big Coin,Scrypt,TRUE,PoW and PoS,9399342.528,30000000.00
ABJ,Abjcoin,Scrypt,TRUE,PoW/PoS,9880502.372,30000000.00
PAR,Parlay,Scrypt,FALSE,PoS,3783270,30000000.00
ESBC,ESBC,Quark,TRUE,PoS,,30000000.00
INSN,Insane Coin,X11,TRUE,PoW/PoS,23775960.32,30000000.00
TAGR,Think And Get Rich Coin,X15,TRUE,PoW/PoS,,30700000.00
BTH,Bithereum,Equihash,TRUE,PoW,25150787.5,30886000.00
CBS,Cerberus,NeoScrypt,TRUE,PoW,0,31500000.00
GBX,GoByte,NeoScrypt,TRUE,PoW,5832306.875,31800000.00
BET,BetaCoin,SHA-256,TRUE,PoW,0,32000000.00
EMD,Emerald,Scrypt,TRUE,PoW,19496786.31,32000000.00
GOA,GoaCoin,NeoScrypt,FALSE,PoW,3982139.246,32000000.00
SERA,Seraph,PHI1612,FALSE,PoW/PoS,1360250,32000000.00
EXCC,ExchangeCoin,Equihash,FALSE,PoW,0,32000000.00
SCRIBE,Scribe Network,Lyra2REv2,FALSE,PoW,6040583.73,32700000.00
CYC,ConSpiracy Coin ,X11,TRUE,PoW,0,33000000.00
MARSC,MarsCoin,X11,FALSE,PoW,,33000000.00
QSLV,Quicksilver coin,X11,TRUE,PoW,0,33000000.00
MARS,MarsCoin ,X11,TRUE,PoW,32221574.82,33000000.00
HEDGE,Hedgecoin,X13,TRUE,PoW,,33000000.00
MDC,MedicCoin,Scrypt,TRUE,PoW/PoS,,33000000.00
BCF,BitcoinFast,Scrypt,TRUE,PoW/PoS,20244023.64,33000000.00
LIR,Let it Ride,POS 3.0,TRUE,PoS,38589808.67,33500000.00
SCRPT,ScryptCoin,Scrypt,TRUE,PoW,,34181818.00
RNS,RenosCoin,Scrypt,TRUE,PoS,36050365,34426423.00
MAC,MachineCoin,Time Travel,TRUE,PoW,,35000000.00
CPN,CompuCoin,Scrypt,TRUE,PoW,,35000000.00
PLAN,Plancoin,Scrypt,TRUE,PoW/PoS,,35000000.00
VTL,Vertical,Lyra2Z,TRUE,PoW,,35000000.00
BENJI,BenjiRolls,Scrypt,TRUE,PoW,20276099.15,35520400.00
ORLY,OrlyCoin,X15,TRUE,PoW/PoS,0,36000000.00
SAFE,SafeCoin,Zhash,TRUE,PoW/PoS,0,36000000.00
COC,Community Coin,SHA-256,TRUE,PoW,,36129032.00
AOP,Averopay,Tribus,FALSE,PoW/PoS,1859475.61,36500000.00
TAJ,TajCoin,Blake2S,TRUE,PoW/PoS,12184195.93,36900000.00
DIT,Ditcoin,CryptoNight,TRUE,PoW,,37000000.00
ASTR,Astral,X13,TRUE,PoW/PoS,,37875500.00
DACH,DACH Coin,Quark,FALSE,PoS,14303114.67,38000000.00
PLNC,PLNCoin,Scrypt,TRUE,PoW/PoS,17089600,38540000.00
TODAY,TodayCoin,Scrypt,TRUE,PoW,,39200000.00
GCC,GuccioneCoin,Scrypt,TRUE,PoW,,39760000.00
CFC,CoffeeCoin,PoS,TRUE,PoS,148716816,39999898.00
SWING,SwingCoin,SHA-256,TRUE,PoW/PoS,4377081.61,40000000.00
CHOOF,ChoofCoin,Scrypt,TRUE,PoW/PoS,,40000000.00
EA,EagleCoin,SHA-256,TRUE,PoW,,40000000.00
XGR,GoldReserve,X11,TRUE,PoW/PoS,17171382,40000000.00
FLIP,BitFlip,Scrypt,TRUE,PoW,12446100,40000000.00
PUNK,SteamPunk,PoS,FALSE,PoS,,40000000.00
HUC,HunterCoin,Multiple,TRUE,PoW,0,42000000.00
MEC,MegaCoin,Scrypt,TRUE,PoW,38151999.99,42000000.00
TRC,TerraCoin,SHA-256,TRUE,PoW,22935396,42000000.00
BHIRE,BitHIRE,Scrypt,FALSE,PoS,,42000000.00
BLRY,BillaryCoin,Scrypt,TRUE,PoW/PoS,8998743.241,42000000.00
ANTI,Anti Bitcoin,SHA-256,TRUE,PoW,0,42000000.00
XNX,XanaxCoin,Scrypt,TRUE,PoW,,42000000.00
ARCO,AquariusCoin,Scrypt,TRUE,PoW/PoS,2449577.415,42000000.00
APT,Aptcoin,Scrypt-n,TRUE,PoW,,42000000.00
AQUA,Aquachain,Argon2,TRUE,PoW,0,42000000.00
CRW,Crown Coin,SHA-256,TRUE,PoW,22986929.09,42000000.00
STAX,Staxcoin,Scrypt,TRUE,PoW/PoS,,43500000.00
XT3,Xt3ch,Scrypt,TRUE,PoS,7630000.015,44000000.00
IBANK,iBankCoin,Scrypt,TRUE,PoW/PoS,4526324,44333333.00
FGZ,Free Game Zone,Scrypt,TRUE,PoW,,44775520.00
XJO,JouleCoin,SHA-256,TRUE,PoW,39195739.36,45000000.00
INN,Innova,NeoScrypt,TRUE,PoW,6375259.04,45000000.00
PROTON,Proton,X16R,TRUE,PoS,4403800,45000000.00
ZND,Zenad,Quark,TRUE,POS / MN,0,46000000.00
TGC,TigerCoin,SHA-256,TRUE,PoW,43536800,47011968.00
NIC,NewInvestCoin,PoS,TRUE,PoS,,47090909.00
CAP,BottleCaps,Scrypt,TRUE,PoW/PoS,,47433600.00
CASH,CashCoin,Scrypt,TRUE,PoW/PoS,0,47433600.00
DGC,Digitalcoin ,Scrypt,TRUE,PoW,33442988.34,48166000.00
CXT,Coinonat,NIST5,TRUE,PoW,10123200,48252000.00
XCXT,CoinonatX,Scrypt,TRUE,PoW/PoS,19539588,48252000.00
CRAFT,Craftcoin,Scrypt,TRUE,PoW/PoS,,49411760.00
WOLF,Insanity Coin,X11,TRUE,PoW,,50000000.00
NRB,NoirBits,SHA-256,TRUE,PoW,0,50000000.00
SPA,SpainCoin,Scrypt-n,TRUE,PoW,0,50000000.00
XXX,XXXCoin,Scrypt,TRUE,PoW/PoS,0,50000000.00
CON,Paycon,X13,TRUE,PoW/PoS,23042604,50000000.00
LGBTQ,LGBTQoin,X11,TRUE,PoW,,50000000.00
GB,GoldBlocks,X11,TRUE,PoW/PoS,15563873,50000000.00
OLYMP,OlympCoin,X11,TRUE,PoW/PoS,,50000000.00
FAME,FameCoin,QuBit,TRUE,PoW/PoS,,50000000.00
FRE,FreeCoin,PoS,TRUE,PoS,50000000,50000000.00
DGMS,Digigems,Scrypt,TRUE,PoW,,50000000.00
XVE,The Vegan Initiative,PoS,TRUE,PoS,,50000000.00
CSTL,Castle,Quark,TRUE,DPoS,0,50000000.00
PNX,PhantomX,X11,TRUE,PoW/PoS,45174214.11,50000000.00
ACCO,Accolade,Scrypt,FALSE,PoW/PoS,5573908,50000000.00
XBP,Black Pearl Coin,X13,TRUE,PoW/PoS,,50000000.00
SGL,Sigil,NeoScrypt,FALSE,PoW,0,50000000.00
BSX,Bitspace,NIST5,TRUE,PoW/PoS,13787854.63,50000000.00
MNB,MoneyBag,X11,FALSE,PoS,,50000000.00
BIM,BitminerCoin,CryptoNight,FALSE,PoW,0,50000000.00
DACASH,DACash,X11,FALSE,PoW,26709236.76,50000000.00
EUNO,EUNO,X11,TRUE,PoW/PoS,30771125.98,50000000.00
BTXC,Bettex coin,XEVAN,TRUE,PoS,6787405.18,50000000.00
ARQ,ArQmA,CryptoNight-lite,TRUE,PoW,,50000000.00
WRLGC,World Gold Coin,SHA-256,FALSE,PoW,,51000000.00
SMC,SmartCoin,Scrypt,TRUE,PoW,25593737.14,51200000.00
OPES,Opes,Argon2,TRUE,PoW,,52000000.00
ABS,Absolute Coin,Lyra2REv2,TRUE,PoW/PoS,13332617.94,52500000.00
TIC,TrueInvestmentCoin,Scrypt,TRUE,PoW/PoS,,53200000.00
ACP,Anarchists Prime,SHA-256,TRUE,PoW,14747200,53760000.00
XLC,LeviarCoin,CryptoNight,TRUE,PoW,14161803,54000000.00
HERB,HerbCoin,Quark,TRUE,PoW/PoS,35312185.74,54000000.00
BITS,BitstarCoin,Scrypt,TRUE,PoW/PoS,20576532,54256119.00
ZBC,Zilbercoin,Scrypt,TRUE,PoS,2922613.964,55000000.00
ARE,ARENON,X11,TRUE,PoS,19269509.94,55000000.00
ALQO,Alqo,Quark,FALSE,PoW/PoS,65269530.1,57879300.00
MRY,MurrayCoin,Scrypt,TRUE,PoW,,58000000.00
SMSR,Samsara Coin,QuBit,TRUE,PoW/PoS,,60000000.00
EGO,EGOcoin,PoS,TRUE,PoS,,60000000.00
ENT,Eternity,X11,TRUE,PoW/PoS,6069482.077,60000000.00
BIOB,BioBar,SHA-256D,TRUE,PoW/PoS,,60000000.00
ARC,ArcticCoin,X11,TRUE,PoW,26042364.37,60000000.00
LUX,LUXCoin,PHI1612,TRUE,PoW/PoS,8305775.318,60000000.00
BTW,BitWhite,DPoS,TRUE,DPoS,,60000000.00
ELP,Ellerium,XEVAN,TRUE,PoW/PoS,419275.38,60000000.00
ROE,Rover Coin,X11,TRUE,PoW/PoS,,60000000.00
FSC,FriendshipCoin,NeoScrypt,TRUE,PoW/PoS,1120385.005,60168145.00
STCN,Stakecoin,PoS,TRUE,PoS,4000000,61599965.00
REL,Reliance,X11,FALSE,PoS,7256580,62000000.00
ARG,Argentum,Scrypt,TRUE,PoW,12205795.44,64000000.00
IRL,IrishCoin,Scrypt,TRUE,PoW,45483049.34,64000000.00
AGM,Argoneum,PHI1612,FALSE,PoW,13969583.38,64000000.00
BLAST,BLAST,SHA-256,TRUE,PoW,52293836.63,64000000.00
CTO,Crypto,Lyra2RE,TRUE,PoW,13742738,65789100.00
UNF,Unfed Coin,Scrypt,TRUE,PoW,,67000000.00
NTRN,Neutron,SHA-256,TRUE,PoW/PoS,39121694,68000000.00
LIZ,Lizus Payment,Skein,FALSE,PoW/PoS,2985971,69000000.00
GLC,GlobalCoin,Scrypt,TRUE,PoW,65672720.47,70000000.00
OMGC,OmiseGO Classic,Scrypt,FALSE,PoW/PoS,49933217.75,70000000.00
BTL,Bitrolium,Equihash,TRUE,PoW,71355477,70000000.00
MBLC,Mont Blanc,Scrypt,TRUE,PoS,0,70000000.00
PARA,ParanoiaCoin,Scrypt,TRUE,PoW,,72000000.00
EQT,EquiTrader,Scrypt,TRUE,PoW,13673406.43,72000000.00
BASHC,BashCoin,Skein,FALSE,PoW/PoS,11661844.47,72000000.00
GLD,GoldCoin,Scrypt,TRUE,PoW,41658648,72245700.00
XPO,Opair,PoS,TRUE,PoS,74033806.79,74000000.00
CHESS,ChessCoin,Scrypt,TRUE,PoW/PoS,0,74666667.00
ELC,Elacoin,Scrypt,TRUE,PoW,0,75000000.00
XRA,Ratecoin,X11,TRUE,PoW/PoS,134554941.2,75000000.00
XPOKE,PokeChain,X13,TRUE,PoS,,75000000.00
SOCC,SocialCoin,Scrypt,TRUE,PoW,5167775,75000000.00
RUPX,Rupaya,Quark,TRUE,PoS,0,75000000.00
XSN,Stakenet,X11,TRUE,TPoS,75590369,76500000.00
CHI,XAYA,NeoScrypt,TRUE,PoW,,77303932.00
NXS,Nexus,SHA3,TRUE,PoW/nPoS,63657220,78000000.00
LTCR,LiteCreed,QuBit,TRUE,PoW/PoS,30227750,78835200.00
NAN,NanoToken,Scrypt,TRUE,PoW,,80000000.00
UNB,UnbreakableCoin,SHA-256,TRUE,PoW,2278150,80000000.00
WINK,Wink,PoS,TRUE,PoS,,80000000.00
NZL,Zealium,PoS,TRUE,PoS,11075254.09,80000000.00
AUK,Aukcecoin,Scrypt,TRUE,PoW/PoS,,80000000.00
MIODIO,MIODIOCOIN,Scrypt,TRUE,PoW,,80000000.00
ERR,ErrorCoin,Scrypt,TRUE,PoW,,81000000.00
MBIT,Mbitbooks,Scrypt,TRUE,PoW,,81000000.00
2BACCO,2BACCO Coin,Scrypt,TRUE,PoW/PoS,,81454545.00
HODL,HOdlcoin,1GB AES Pattern Search,TRUE,PoW,11448949,81962100.00
LTCD,LitecoinDark,Scrypt,TRUE,PoW,0,82003200.00
TRVC,Trivechain,X16R,TRUE,PoW/PoS,36923120.62,82546564.00
LTC,Litecoin,Scrypt,TRUE,PoW,63039243.3,84000000.00
RIC,Riecoin,Groestl,TRUE,PoW,49548585.14,84000000.00
EZC,EZCoin,Scrypt,TRUE,PoW,,84000000.00
LTCX,LitecoinX,X11,TRUE,PoW,,84000000.00
VTC,Vertcoin,Lyra2REv2,TRUE,PoW,51173723.82,84000000.00
GMC,Gridmaster,Scrypt,TRUE,PoW,0,84000000.00
GAME,Gamecredits,Scrypt,TRUE,PoW,69836100,84000000.00
ADZ,Adzcoin,X11,TRUE,PoW,45110324,84000000.00
ADNT,Aiden,ScryptOG,FALSE,PoW,84000000,84000000.00
ANTC,AntiLitecoin,Scrypt,FALSE,PoW,,84000000.00
KRONE,Kronecoin,Scrypt,TRUE,PoW,17453749.4,84000000.00
EMAR,EmaratCoin,Scrypt,TRUE,PoW/PoS,21599339.67,84000000.00
ACM,Actinium,Lyra2Z,TRUE,PoW,13634850,84000000.00
LTZ,Litecoinz,Equihash,TRUE,PoW,,84000000.00
NSD,Nasdacoin,Scrypt,TRUE,PoW/PoS,20546528.21,84000000.00
GMX,Goldmaxcoin,Scrypt,TRUE,PoW,,84078950.00
XSG,Snowgem,Equihash,TRUE,PoW,0,84096000.00
HNCN,Huncoin,X13,FALSE,PoW,,86400000.00
GBRC,GBR Coin,Scrypt,TRUE,PoW,0,87500000.00
BQC,BQCoin,Scrypt,TRUE,PoW,,88000000.00
DEV,Deviant Coin,PoS,TRUE,PoS,21876586.85,88000000.00
RYO,Ryo,Cryptonight-GPU,TRUE,PoW,4890897,88188888.00
SUMO,Sumokoin,CryptoNight,TRUE,PoW,8946653,88888888.00
SPM,Supreme,Scrypt,TRUE,PoW/PoS,,88900000.00
VIP,VIP Tokens,NIST5,TRUE,PoW/PoS,83450403,90000000.00
CTC,CarterCoin,Scrypt,TRUE,PoW/PoS,43165500,90000000.00
FIT,Fitcoin,X11,TRUE,PoW/PoS,,90000000.00
DON,DonationCoin,Scrypt,TRUE,PoW,,90000000.00
DKD,Dekado,X15,TRUE,PoS,30284196.37,90000000.00
DPAY,DelightPay,X13,TRUE,PoW/PoS,,90400000.00
ODN,Obsidian,SHA-512,TRUE,PoS,25000000,91388946.00
VNTY,VENOTY,Scrypt,FALSE,PoW,,94000000.00
PXC,PhoenixCoin,Scrypt,TRUE,PoW/PoS,73959274.63,98000000.00
AEC,AcesCoin,X11,TRUE,PoS,,98000000.00
EDUC,EducoinV,Scrypt,TRUE,PoW/PoS,,99000000.00
LK7,Lucky7Coin,Scrypt,TRUE,PoW/PoS,,99792000.00
QTL,Quatloo,Scrypt,TRUE,PoW,7357794.793,100000000.00
BUK,CryptoBuk,Scrypt,TRUE,PoW/PoS,,100000000.00
CMC,CosmosCoin,Scrypt,TRUE,PoW/PoS,,100000000.00
COOL,CoolCoin,Scrypt,TRUE,PoS,0,100000000.00
FC2,Fuel2Coin,X11,TRUE,PoS,0,100000000.00
MAX,MaxCoin,SHA3,TRUE,PoW/PoS,61445805,100000000.00
SPOTS,Spots,Scrypt,TRUE,PoW,,100000000.00
TES,TeslaCoin,Multiple,TRUE,PoS,80260463.73,100000000.00
UTC,UltraCoin,Scrypt,TRUE,PoW/PoS,50235211.14,100000000.00
TEK,TekCoin,SHA-256,TRUE,PoW/PoS,,100000000.00
DIGS,Diggits,Scrypt,TRUE,PoS,100000000,100000000.00
KATZ,KATZcoin,SHA-256D,TRUE,PoW/PoS,,100000000.00
BM,BitMoon,X13,TRUE,PoS,,100000000.00
FRWC,Frankywillcoin,Scrypt,TRUE,PoW/PoS,100000000,100000000.00
WAY,WayCoin,X11,TRUE,PoS,0,100000000.00
RUBIT,Rublebit,Scrypt,TRUE,PoW,,100000000.00
GNJ,GanjaCoin V2,X14,TRUE,PoW/PoS,100000000,100000000.00
CSH,CashOut,SHA-256,TRUE,PoW,0,100000000.00
SHORTY,ShortyCoin,PoS,TRUE,PoS,,100000000.00
HZT,HazMatCoin,Scrypt,TRUE,PoW/PoS,,100000000.00
ECAD,Canada eCoin,Scrypt,TRUE,PoW,,100000000.00
LENIN,LeninCoin,SHA-256D,TRUE,PoW,,100000000.00
RIDE,Ride My Car,PoS,TRUE,PoS,0,100000000.00
ERY,Eryllium,X11,TRUE,PoW/PoS,0,100000000.00
RATIO,Ratio,PoS,TRUE,PoS,,100000000.00
ACES,AcesCoin,X13,TRUE,PoS,,100000000.00
CDN,Canada eCoin,Scrypt,TRUE,PoW,99843408.32,100000000.00
XVP,VirtacoinPlus,X11,TRUE,PoW/PoS,13162749.09,100000000.00
CJC,CryptoJournal,PoS,TRUE,PoS,,100000000.00
HPC,HappyCoin,X11,TRUE,PoW/PoS,21521322.01,100000000.00
IEC,IvugeoEvolutionCoin,Scrypt,TRUE,PoW,,100000000.00
QTUM,QTUM,POS 3.0,TRUE,PoS,100000000,100000000.00
DP,DigitalPrice,X11,TRUE,PoW,35138975,100000000.00
BTPL,Bitcoin Planet,Skein,TRUE,PoW/PoS,6804362,100000000.00
CRM,Cream,Skein,TRUE,PoW/PoS,47331802.48,100000000.00
ACC,AdCoin,Scrypt,TRUE,PoW,32646731.06,100000000.00
LINX,Linx,Scrypt,TRUE,PoW,33716526,100000000.00
MAY,Theresa May Coin,SHA-256,TRUE,PoW/PoS,92050800,100000000.00
EBST,eBoost,Scrypt,TRUE,PoW,99990001.49,100000000.00
BOXY,BoxyCoin,Scrypt,FALSE,PoW,5761512.81,100000000.00
TRF,Travelflex,Dagger,TRUE,PoW,107325266,100000000.00
DIN,Dinero,NeoScrypt,TRUE,PoW,0,100000000.00
AKA,Akroma,Ethash,TRUE,PoW,,100000000.00
PHC,Profit Hunters Coin,Scrypt,TRUE,PoW/PoS,0,100000000.00
SEM,Semux,Semux BFT consensus,TRUE,DPoS,1231147,100000000.00
FTO,FuturoCoin,X11,TRUE,PoW,31801461.19,100000000.00
BEN,BitCOEN,SHA-256,TRUE,Limited Confidence Proof-of-Activity ,,100000000.00
MRN,Mercoin,Scrypt,FALSE,PoW/PoS,25330252.32,100000000.00
VIG,TheVig,SHA-256D,TRUE,PoW/PoS,33238183.72,100000000.00
XTNC,XtendCash,Wild Keccak,FALSE,PoW,,100000000.00
VITAE,Vitae,Quark,TRUE,PoS,66053877.63,100000000.00
MUSD,MUSDcoin,Scrypt,TRUE,PoW/PoS,0,100000000.00
PAXEX,PAXEX,X11,TRUE,PoS,4504639,100000000.00
XCG,Xchange,X16R,TRUE,PoW,9753753.615,100000000.00
B2G,Bitcoiin2Gen,Ethash,TRUE,PoW,0,100000000.00
LYTX,LYTIX,QuarkTX,TRUE,PoW/PoS,,100000000.00
SLC,SLICE,QuBit,TRUE,PoW,12925790.42,100000000.00
VDL,Vidulum,Equihash1927,TRUE,PoW,0,100000000.00
HNC,Hellenic Coin,Scrypt,TRUE,PoW,,100000000.00
AHT,Ahoolee,Ethash,TRUE,PoW,,100000000.00
LWF,Local World Forwarders,DPoS,TRUE,DPoS,,100000000.00
WAVES,Waves,Leased POS,TRUE,LPoS,100000000,100000000.00
DVTC,DivotyCoin,Scrypt,FALSE,PoW/PoS,21491213.46,100000000.00
CLUD,CludCoin,Scrypt,TRUE,PoW,,100200000.00
BWS,BitcoinWSpectrum,SHA-256,TRUE,PoS,57811001,100262205.00
CROAT,Croat,CryptoNight,TRUE,PoW,,100467441.00
MARX,MarxCoin,X11,TRUE,PoW,0,100640000.00
DEA,Degas Coin,Scrypt,TRUE,PoW/PoS,21358764,105000000.00
QRL,Quantum Resistant Ledger,CryptoNight-V7,TRUE,PoW,69036016.83,105000000.00
PIRATE,PirateCash,Equihash,TRUE,PoS,13475920,105000000.00
BST,BlockStamp,SHA-256,TRUE,PoW,0,105000000.00
GRS,Groestlcoin,Groestl,TRUE,PoW,73298203.89,105000000.00
OK,OKCash,SHA-256,TRUE,PoW/PoS,74676064.95,105000000.00
SKR,Sakuracoin,Scrypt,TRUE,PoW,0,105100000.00
MONA,MonaCoin,Scrypt,TRUE,PoW,68194674.87,105120000.00
UMO,Universal Molecule,Blake,TRUE,PoW,1578281.313,105120001.44
JKC,JunkCoin,Scrypt,TRUE,PoW,,107000000.00
FRST,FirstCoin,Scrypt,TRUE,PoW/PoS ,110000000,110000000.00
IMX,Impact,X11,TRUE,PoW/PoS,110630387.9,110000000.00
LTCC,Listerclassic Coin,Scrypt,FALSE,PoW/PoS,8094818.389,110000000.00
ATMOS,Atmos,PoS,TRUE,PoS,111135836.9,110290030.00
SFR,SaffronCoin,Multiple,TRUE,PoW,,111000000.00
UNI,Universe,Scrypt,TRUE,PoS,0,112000000.00
CIN,CinderCoin,Multiple,TRUE,PoW/PoS,0,114000000.00
CREA,CreativeChain,Keccak,TRUE,PoW,0,115000000.00
KAPU,Kapu,DPoS,TRUE,DPoS,,115000000.00
HBN,HoboNickels,Scrypt,TRUE,PoW/PoS,89266933.68,120000000.00
ZED,ZedCoins,Scrypt,TRUE,PoW,,120000000.00
VUC,Virta Unique Coin,NIST5,TRUE,PoW/PoS,62942075,120000000.00
WAGE,Digiwage,Quark,TRUE,PoS,27299680,120000000.00
NDLC,NeedleCoin,X11,FALSE,PoS/PoW,,120000000.00
BLTG,Block-Logic,Scrypt,TRUE,PoW,35284717.17,120000000.00
LTS,Litestar Coin,X11,TRUE,PoW/PoS,,120000000.00
HANA,Hanacoin,Lyra2REv2,FALSE,PoW,,122500000.00
VLX,Velox,Scrypt,TRUE,PoS,25570013.13,124000000.00
ARK,ARK,DPoS,TRUE,DPoS,108202084,125000000.00
VIDZ,PureVidz,PoS,TRUE,PoS,,125000000.00
ZUR,Zurcoin,Quark,TRUE,PoW,0,126000000.00
HVC,HeavyCoin,Multiple,TRUE,PoW,,128000000.00
NTC,NineElevenTruthCoin,Scrypt,TRUE,PoW/PoS,,130528084.00
SABR,SABR Coin,Scrypt,TRUE,PoW/PoS,,133100000.00
CALC,CaliphCoin,SHA-256,TRUE,PoW,,135000000.00
SIGT,Signatum,SkunkHash v2 Raptor,TRUE,PoS,107972766,137500000.00
BSD,BitSend,X11,TRUE,PoW/PoS,24387724.5,139000000.00
RYC,RoyalCoin,Scrypt,TRUE,PoW,,140000000.00
DTEP,DECOIN,X11,TRUE,PoS,,140000000.00
RC,Russiacoin,Scrypt,TRUE,PoW/PoS,8377873,144000000.00
MAG,Magnet,X11,TRUE,PoW/PoS,38198594.83,144000000.00
STO,Save The Ocean,X11,TRUE,PoW/PoS,,150000000.00
SEND,Social Send,Quark,TRUE,PoW/PoS,,150000000.00
LTCU,LiteCoin Ultra,Scrypt,TRUE,PoW/PoS,8419402.321,150000000.00
STAK,Straks,Lyra2REv2,TRUE,PoW,,150000000.00
LOKI,Loki,CryptoNight Heavy,TRUE,PoW,19153632,150000000.00
LUNES,Lunes,Leased POS,TRUE,LPoS,,150728537.61
PIRL,Pirl,Dagger,TRUE,PoW,33986980,156306732.71
SEL,SelenCoin,PoS,TRUE,PoS,,159680000.00
LSK,Lisk,DPoS,TRUE,DPoS,120012140,159918400.00
FLO,Flo,Scrypt,TRUE,PoW,152270664.9,160000000.00
TCHB,Teachers Blockchain,Scrypt,TRUE,PoW,,160000000.00
CLUB, ClubCoin,Scrypt,TRUE,PoW/PoS,103621876.2,160000000.00
HUGE,BigCoin,Blake,TRUE,PoW,,164429865.00
FSTC,FastCoin,Scrypt,FALSE,PoW,,165888000.00
PTC,PesetaCoin,Scrypt,TRUE,PoW,137517654.4,166386000.00
AMC,AmericanCoin,Scrypt,TRUE,PoW,,168000000.00
MGD,MassGrid,Jump Consistent Hash,TRUE,PoW,135862416,168000000.00
GLT,GlobalToken,SHA-256,TRUE,PoW,84613100,168000000.00
YOC,YoCoin,Scrypt,TRUE,PoW,636462.5598,168351300.00
ZET,ZetaCoin,SHA-256,TRUE,PoW,170204389.8,169795588.00
WASH,WashingtonCoin,X11,TRUE,PoW/PoS,,170000000.00
NIX,NIX,Lyra2REv2,TRUE,PoW,0,175000000.00
PAK,Pakcoin,Scrypt,TRUE,PoW,69684455.44,182000000.00
MONETA,Moneta,Scrypt,TRUE,PoW,,184000000.00
CTL,Citadel,CryptoNight-V7,TRUE,PoW,10969318.52,185000000.00
NKA,IncaKoin,SHA-256,TRUE,PoW/PoS,17939725045,190000000.00
YBC,YbCoin,Multiple,TRUE,PoS,,200000000.00
ALN,AlienCoin,Scrypt,TRUE,PoW,,200000000.00
MED,MediterraneanCoin,HybridScryptHash256,TRUE,PoW,40431856.9,200000000.00
MUDRA,MudraCoin,X13,TRUE,PoS,5000000,200000000.00
KMD,Komodo,Equihash,TRUE,dPoW/PoW,115898131,200000000.00
DOPE,DopeCoin,Scrypt,TRUE,PoW,116845228,200000000.00
ICOB,Icobid,Scrypt,TRUE,PoW/PoS,0,200000000.00
BTDX,Bitcloud 2.0,Quark,TRUE,PoW/PoS,30711550.53,200000000.00
AET,AfterEther,Ethash,FALSE,PoW,,200000000.00
CARE,Carebit,Quark,TRUE,PoW/PoS,139739596.5,200000000.00
TWISTR,TWIST,SHA-512,FALSE,PoS,200000000,200000000.00
OC,OrangeCoin,Scrypt,TRUE,PoW/PoS,3537150,200000000.00
AVE,Avesta,Avesta hash,FALSE,PoW,,200000000.00
ADM,Adamant,DPoS,TRUE,DPoS,,200000000.00
USC,Ultimate Secure Cash,SHA-256,TRUE,PoS,10343113,200084200.00
BRAZ,Brazio,HMQ1725,FALSE,PoW,75579791.71,207000000.00
CPC,CapriCoin,X11,TRUE,PoW/PoS,201364327.4,208000000.00
ETC,Ethereum Classic,Ethash,TRUE,PoW,113359703,210000000.00
NBL,Nybble,Scrypt,TRUE,PoW,,210000000.00
BCR,BitCredit,Momentum,TRUE,PoW,0,210000000.00
XFC,Forever Coin,X11,TRUE,PoS,,210000000.00
RVR,Revolution VR,Scrypt,TRUE,PoW,210000000,210000000.00
UNIT,Universal Currency,SHA-256,TRUE,PoW/PoS,0,210000000.00
BNX,BnrtxCoin,X11,TRUE,PoW,0,210000000.00
XCT,C-Bits,SHA-256,TRUE,PoW,,210000000.00
BCD,Bitcoin Diamond,X13,TRUE,PoW/PoS,183534024.9,210000000.00
CNBC,Cash & Back Coin,Scrypt,TRUE,PoW/PoS,110976977.3,210000000.00
WOBTC,WorldBTC,Scrypt,FALSE,PoW/PoS,,210000000.00
ZEL,Zelcash,Equihash,TRUE,PoW/PoS,0,210000000.00
URALS,Urals Coin,XEVAN,TRUE,PoW,14746153.1,210000000.00
KETAN,Ketan,PoS,TRUE,PoS,9327131.597,210000000.00
ZEX,Zaddex,Equihash,FALSE,PoW,,210000000.00
TCR,TecraCoin,Lyra2Z,FALSE,PoW,40874452.48,210000000.00
ALF,AlphaCoin,Scrypt,TRUE,PoW,,210182000.00
SONG,Song Coin,Scrypt,TRUE,PoW,32565300,210240000.00
MNTC,Manet Coin,Scrypt,TRUE,PoW/PoS,,215000000.00
VOT,Votecoin,Equihash,TRUE,PoW,,220000000.00
GPU,GPU Coin,Scrypt,TRUE,PoS,40477042,221052632.00
REV,Revenu,SHA-256,TRUE,PoW/PoS,1195525,222725000.00
KURT,Kurrent,X11,TRUE,PoW,61364813,228000000.00
USX,Unified Society USDEX,Scrypt,TRUE,PoW/PoS,234846265.8,232000000.00
GIOT,Giotto Coin,Scrypt,FALSE,PoW/PoS,,233100000.00
SKULL,Pirate Blocks,X11,TRUE,PoW/PoS,,240000000.00
QRK,QuarkCoin,Quark,TRUE,PoW,259557164.9,247000000.00
SXC,SexCoin,Scrypt,TRUE,PoW,128940951.2,250000000.00
SBC,StableCoin,Scrypt,TRUE,PoW,24215181.73,250000000.00
ZNY,BitZeny,Scrypt,TRUE,PoW,75614500,250000000.00
MYC,MayaCoin,Scrypt,TRUE,PoW/PoS,,250000000.00
RNC,ReturnCoin,X11,TRUE,PoS,,250000000.00
NTCC,NeptuneClassic,X11,TRUE,PoW/PoS,0,250000000.00
CHARM,Charm Coin,NeoScrypt,TRUE,PoW,,250000000.00
YCE,MYCE,Scrypt,FALSE,PoW/PoS,63613903.88,250000000.00
XAP,Apollon,Quark,TRUE,PoW/PoS,0,250000000.00
GAP,Gapcoin,Scrypt,TRUE,PoW/PoS,14931046.15,250000000.00
TRAID,Traid,NeoScrypt,TRUE,PoW/PoS,0,252000000.00
POA,Poa Network,Proof-of-Authority,TRUE,PoA,204479039,252460800.00
XMV,MoneroV,CryptoNight,TRUE,PoW,,256000000.00
MNZ,Monaize,Equihash,TRUE,PoW/DPoW,,257142857.00
MMO,MMOCoin,Scrypt,TRUE,PoS,107763867.9,260000000.00
BEAM,Beam,Equihash,TRUE,PoW,35687520,262800000.00
KGC,KrugerCoin,Scrypt,TRUE,PoW,151447649.8,265420800.00
WDC,WorldCoin,Scrypt,TRUE,PoW,119606941,265420800.00
GOON,Goonies,Scrypt,TRUE,PoW,,270875968.00
N7,Number7,Scrypt,TRUE,PoW,,270967742.00
ELLA,Ellaism,Ethash,TRUE,PoW,12756367,280000000.00
BLAZR,BlazerCoin,Scrypt,TRUE,PoW,,294336000.00
EMC2,Einsteinium,Scrypt,TRUE,PoW,218871896.5,299792458.00
QBT,Cubits,SHA-256,TRUE,PoW/PoS,,300000000.00
RGC,RG Coin,NIST5,TRUE,PoW/PoS,,300000000.00
BDL,Bitdeal,Scrypt,TRUE,PoW,0,300000000.00
ICC,Insta Cash Coin,SHA-256,FALSE,PoW,0,300000000.00
ALPS,Alpenschillling,Lyra2Z,TRUE,PoW,27340501.65,300000000.00
AUX,Auxilium,Keccak,FALSE,PoA,,300000000.00
XWC,WhiteCoin,Scrypt,TRUE,PoW/PoS,252005564.2,300000000.00
THC,The Hempcoin,Scrypt,TRUE,PoW/PoS,0,300000000.00
TEAM,TeamUP,PoS,TRUE,PoS,17818682.17,301000000.00
GOTX,GothicCoin,Scrypt,TRUE,PoW,,313333333.00
YMC,YamahaCoin,Scrypt,TRUE,PoW,,315000000.00
ARI,AriCoin,Scrypt,TRUE,PoW,,322649400.00
NZC,NewZealandCoin,Scrypt,TRUE,PoW,,335800000.00
FTC,FeatherCoin,NeoScrypt,TRUE,PoW,208669093,336000000.00
NBR,Niobio Cash,CryptoNight,TRUE,PoW,133932467.8,336000000.00
NYAN,NyanCoin,Scrypt,TRUE,PoW,334709223.5,337000000.00
NANO,Nano,Blake2b,TRUE,PoW,133248297,340282367.00
KOBO,KoboCoin,X15,TRUE,PoW/PoS,25542535.59,350000000.00
REE,ReeCoin,Scrypt,TRUE,PoW/PoS,0,350000000.00
PURA,Pura,X11,TRUE,PoW,175215859,350000000.00
SHA,Shacoin,SHA-256,TRUE,PoS,,350000000.00
FTP,FuturePoints,X11,TRUE,PoS,,360000000.00
NGIN,Ngin,M00N,FALSE,PoW,,360000000.00
XDNA,XDNA,Keccak,TRUE,PoW/PoS,4672513.844,366000000.00
ERC,EuropeCoin,X11,TRUE,PoW/PoS,10407269.79,384000000.00
SAK,SharkCoin,SHA-256,TRUE,PoW,,400000000.00
MARV,Marvelous,Scrypt,TRUE,PoW,,400000000.00
MCRN,MacronCoin,PoS,TRUE,PoS,401421401,400000000.00
TZC,TrezarCoin,NeoScrypt,TRUE,PoW/PoS,182638400,400000000.00
MI,XiaoMiCoin,Scrypt,TRUE,PoW/PoS,404316475.5,400000000.00
SWI,Swinca,Quark,FALSE,PoW/PoS,,400000000.00
BHC,BighanCoin,Quark,TRUE,PoW,,411000000.00
POT,PotCoin,Scrypt,TRUE,PoW/PoS,222677226,420000000.00
MOOND,Dark Moon,Scrypt,TRUE,PoW/PoS,,420000000.00
AWR,Award,X11,TRUE,PoW/PoS,15420234.54,420000000.00
VULC,Vulcano,NIST5,TRUE,PoS/PoW,,421126225.00
XGB,GoldenBird,X13,TRUE,PoW/PoS,0,450000000.00
MUSIC,Musicoin,Ethash,TRUE,PoW,0,454898394.00
CNC,ChinaCoin,Scrypt,TRUE,PoW,,462500000.00
POKER,PokerCoin,Scrypt,FALSE,PoS/PoW,0,466666667.00
TEC,TeCoin,Multiple,TRUE,PoW,,469521976.00
GIVE,GiveCoin,X11,TRUE,PoW,,500000000.00
GML,GameLeagueCoin,Scrypt,TRUE,PoW/PoS,,500000000.00
SJCX,StorjCoin,Counterparty,TRUE,PoS,51173144,500000000.00
NOTE,Dnotes,Scrypt,TRUE,PoS,174646113.9,500000000.00
CJ,CryptoJacks,X13,TRUE,PoW/PoS,,500000000.00
EXB,ExaByte (EXB),SHA-256,TRUE,PoW,,500000000.00
UBIQ,Ubiqoin,Progressive-n,TRUE,PoS,,500000000.00
DGORE,DogeGoreCoin,X11,TRUE,PoW/PoS,,500000000.00
ZECD,ZCashDarkCoin,Scrypt,TRUE,PoW,,500000000.00
ATX,ArtexCoin,X11,TRUE,PoW,824000000,500000000.00
KED,Klingon Empire Darsek,Scrypt,TRUE,PoW/PoS,23965372,500000000.00
TSE,TattooCoin,Scrypt,TRUE,PoW/PoS,,500000000.00
BOAT,Doubloon,536,TRUE,PoW/PoS,,500000000.00
RAIN,Condensate,X11,TRUE,PoW/PoS,121665451.6,500000000.00
TAU,Lamden Tau,DPoS,TRUE,DPoS,288090567.5,500000000.00
GUN,GunCoin,NeoScrypt,TRUE,PoW,299797953,500000000.00
CIF,Crypto Improvement Fund,X11,TRUE,PoW,211297638.5,500000000.00
MEDIC,MedicCoin,Scrypt,TRUE,PoS,267297676.3,500000000.00
BBK,BitBlocks,Scrypt,TRUE,PoW/PoS,0,500000000.00
BEET,Beetle Coin,XEVAN,TRUE,PoW/PoS,198938144.4,500000000.00
PINK,PinkCoin,X11,TRUE,PoW/PoS,436353624.5,500000000.00
S8C,S88 Coin,Scrypt,TRUE,PoW/PoS,,520000000.00
CKC,Clockcoin,SHA-256,TRUE,PoW/PoS,16662820,525000000.00
404,404Coin,Scrypt,TRUE,PoW/PoS,1055184902,532000000.00
GLX,GalaxyCoin,Scrypt,TRUE,PoW/PoS,,538214400.00
ARO,Arionum,SHA-512,FALSE,PoW,60045900,545399000.00
AC3,AC3,X11,TRUE,PoW,80316207,550000000.00
THS,TechShares,DPoS,TRUE,DPoS,,600000000.00
VEG,BitVegan,PoS,TRUE,PoS,,600000000.00
PLTC,PlatinCoin,CryptoNight,TRUE,PoW,84300,600000518.00
POSQ,Poseidon Quark,Quark,TRUE,PoS,2716264.953,650000000.00
MONEY,MoneyCoin,Scrypt,TRUE,PoW/PoS,10914418,650659833.00
LC,Lutetium Coin,X11,TRUE,PoS,657000000,657000000.00
XSH,SHIELD,Multiple,TRUE,PoW,481730566.6,660000000.00
PEC,PeaceCoin,X11,TRUE,PoW,,700000000.00
PINKX,PantherCoin,Scrypt,TRUE,PoW/PoS,,735000000.00
GHC,GhostCoin,Scrypt,TRUE,PoW/PoS,,750000000.00
EXIT,ExitCoin,Scrypt,TRUE,PoW/PoS,,756000000.00
TOKC,Tokyo Coin,X13,TRUE,PoS,230298925,800000000.00
LCC,LitecoinCash,SHA-256 + Hive,TRUE,PoW + Hive,638382332.2,840000000.00
UWC,Uwezocoin,Scrypt,FALSE,PoW,0,840000000.00
XSTC,Safe Trade Coin,Scrypt,TRUE,PoS,0,840000000.00
EMB,EmberCoin,X13,TRUE,PoW/PoS,92192822723,850000000.00
TRTK,TrollTokens,SHA-256,FALSE,PoW/PoS,,860000000.00
SYS,SysCoin,SHA-256,TRUE,PoW,563336541.3,888000000.00
DOT,Dotcoin,Scrypt,TRUE,PoW,0,890000000.00
TROLL,Trollcoin,Scrypt,TRUE,PoW/PoS,591022748,900000000.00
WCG,World Crypto Gold,SHA-256,TRUE,Proof of Stake,,900000000.00
SHARD,ShardCoin,Scrypt,FALSE,PoS,24924986.09,900000000.00
SLX,Slate,Slatechain,TRUE,PoW,,950000000.00
FX,FCoin,Scrypt,TRUE,PoW/PoS,,987600000.00
LTHN,Lethean,CryptoNight-V7,TRUE,PoW,441250233.4,999481516.00
COMM,Community Coin,Scrypt,TRUE,PoW/PoS,,1000000000.00
ZCC,ZCC Coin,Scrypt,TRUE,PoW/PoS,147990238,1000000000.00
ABY,ArtByte,Scrypt,TRUE,PoW,792537250,1000000000.00
FLDC,Folding Coin,Stanford Folding,TRUE,PoW,719416990,1000000000.00
RBR,Ribbit Rewards,Multiple,TRUE,PoW,,1000000000.00
NODE,Node,Curve25519,TRUE,PoA,,1000000000.00
EMC,Emercoin,SHA-256,TRUE,PoW/PoS,43059794.8,1000000000.00
WMC,WMCoin,X11,TRUE,PoS,,1000000000.00
EQUAL,EqualCoin,X13,TRUE,PoW/PoS,,1000000000.00
BASH,LuckChain,Scrypt,TRUE,PoW/PoS,0,1000000000.00
DLR,DollarOnline,X11,TRUE,PoW/PoS,,1000000000.00
ACN,AvonCoin,PoS,TRUE,PoS,,1000000000.00
LEPEN,LePenCoin,SHA-256,TRUE,PoS,,1000000000.00
VLTC,VaultCoin,X11,TRUE,PoW,30385540,1000000000.00
CHAT,OpenChat,Scrypt,TRUE,PoW/PoS,1000000000,1000000000.00
ZENI,Zennies,Scrypt,TRUE,PoS,,1000000000.00
LMC,LomoCoin,Scrypt,TRUE,PoW/PoS,500000,1000000000.00
LBTC,LiteBitcoin,Scrypt,TRUE,PoW,0,1000000000.00
EDDIE,Eddie coin,Scrypt,TRUE,PoW/PoS,,1000000000.00
MUT,Mutual Coin,Scrypt,FALSE,PoW/PoS,0,1000000000.00
ACHN,Achain,DPoS,TRUE,DPoS,,1000000000.00
CVNG,Crave-NG,SHA-256,TRUE,PoS,,1000000000.00
ONT,Ontology,VBFT,TRUE,PoS,650848625,1000000000.00
TUBE,BitTube,CryptoNight,TRUE,PoW,80049082.91,1000000000.00
LELE,Lelecoin,Curve25519,TRUE,PoS,,1000000000.00
PLURA,PluraCoin,CryptoNight,TRUE,PoW,560085952.4,1000000000.00
DEI,Deimos,Scrypt,FALSE,PoW,269143950.6,1000000000.00
TPC,TPCash,Scrypt,TRUE,PoW/PoS,5403802.496,1000000000.00
BITN,Bitcoin Nova,CryptoNight,FALSE,PoW,484454200,1000000000.00
KCASH,Kcash,SHA-512,TRUE,Zero-Knowledge Proof,1000000000,1000000000.00
AAC,Acute Angle Cloud,ECC 256K1,TRUE,DPOS,1000000000,1000000000.00
FOREX,FOREXCOIN,Scrypt,TRUE,PoW,,1000000000.00
ALX,ALAX,DPoS,TRUE,DPoS,1000000000,1000000000.00
AMBER,AmberCoin,X11,TRUE,PoW/PoS,,1000000000.00
CESC,Crypto Escudo,Scrypt,TRUE,PoW,780210700,1000000000.00
PIGGY,Piggy Coin,X11,TRUE,PoW/PoS,494240666,1000000000.00
RAIZER,RAIZER,SHA-256,FALSE,PoW,,1000000000.00
ILT,iOlite,Ethash,TRUE,PoW,0,1000000000.00
TCH,TigerCash,SHA-256,TRUE,PoS,1000000000,1000000000.00
TIP,Tip Blockchain,DPoS,TRUE,PoS,,1000000000.00
NXT,Nxt,PoS,TRUE,PoS/LPoS,1000000000,1000000000.00
SERO,Super Zero,Ethash,TRUE,PoW,,1000000000.00
UOS,UOS,SHA-256,TRUE,DPoI,,1000000000.00
CMPCO,CampusCoin,Scrypt,TRUE,PoW,0,1010000000.00
COX,CobraCoin,Scrypt,TRUE,PoW/PoS,,1012941176.00
ONX,Onix,X11,TRUE,PoW,122475638.4,1100000000.00
KREDS,KREDS,Lyra2REv2,TRUE,PoW,643795911.5,1100000000.00
COVAL,Circuits of Value,Multiple,TRUE,PoW,1000000000,1200000000.00
NAMO,NamoCoin,NIST5,TRUE,PoW/PoS,560563220,1200000000.00
SHREK,ShrekCoin,Scrypt,TRUE,PoW/PoS,,1246000000.00
SOUL,SoulCoin,Scrypt,TRUE,PoW/PoS,,1400000000.00
BDX,Beldex,CryptoNight,TRUE,PoW,980222595,1400222610.00
GDC,GrandCoin,Scrypt,TRUE,PoW,884125802,1420609614.00
HALLO,Halloween Coin,X11,TRUE,PoW/PoS,264678458.3,1500000000.00
MM,MasterMint,X11,TRUE,PoS,,1500000000.00
LIV,LiviaCoin,Scrypt,TRUE,PoW/PoS,,1572000000.00
USDE,UnitaryStatus Dollar,Scrypt,TRUE,PoW/PoS,1098952593,1600000000.00
TOT,TotCoin,Scrypt,TRUE,PoW/PoS,,1613150000.00
LOOK,LookCoin,X11,TRUE,PoW/PoS,,1613150000.00
NLG,Gulden,Scrypt,TRUE,PoW,415032420,1680000000.00
DUX,DuxCoin,Scrypt,TRUE,PoW/PoS,,1680000000.00
GOLF,GolfCoin,SHA-256D,FALSE,PoW/PoS,0,1713134800.00
WINE,WineCoin,Scrypt,TRUE,PoW/PoS,,1744000000.00
WEBC,Webchain,CryptoNight-V7,TRUE,PoW,15580199.31,1750000000.00
ELM,Elements,X11,TRUE,PoW,2702855669,1800000000.00
XCN,Cryptonite,M7 POW,TRUE,PoW,708506520,1840000000.00
GRFT,Graft Blockchain,CryptoNight,TRUE,PoW/PoS,,1844674400.00
RING,RingCoin,Scrypt,TRUE,PoW/PoS,,1900000000.00
ISH,Interstellar Holdings,Scrypt,FALSE,PoS,0,1970000000.00
ANI,Animecoin,Quark,TRUE,PoW,,1976000000.00
ARM,Armory Coin,Scrypt,TRUE,PoW/PoS,,1990000000.00
XMY,MyriadCoin,Multiple,TRUE,PoW,1688254250,2000000000.00
CACH,Cachecoin,Scrypt,TRUE,PoW,,2000000000.00
YAC,YAcCoin,Scrypt,TRUE,PoW,,2000000000.00
PUT,PutinCoin,Scrypt,TRUE,PoW/PoS,813092338.6,2000000000.00
LEA,LeaCoin,SHA-256,TRUE,PoW,0,2000000000.00
GRW,GrowthCoin,Scrypt,TRUE,PoS,295135466.4,2000000000.00
DCY,Dinastycoin,CryptoNight,TRUE,PoW,1809467143,2000000000.00
OPC,OP Coin,Scrypt,TRUE,PoW/PoS,0,2000000000.00
HCXP,HCX PAY,CryptoNight,FALSE,PoW,,2000000000.00
ZEPH,ZEPHYR,SHA-256,TRUE,DPoS,1999999995,2000000000.00
ZSE,ZSEcoin,X11,TRUE,PoW/PoS,0,2093500000.00
BS,BlackShadowCoin,X11,TRUE,PoW/PoS,,2100000000.00
XNC,XenCoin,Scrypt,TRUE,PoW,,2100000000.00
MRSA,MrsaCoin,X13,TRUE,PoW/PoS,,2100000000.00
JANE,JaneCoin,X11,TRUE,PoW/PoS,,2100000000.00
PPAI,Project Pai,SHA-256,TRUE,PoW,2100000000,2100000000.00
VBK,VeriBlock,SHA-256,TRUE,PoW,,2100000000.00
VOLLAR,Vollar,Equihash+Scrypt,TRUE,PoW,100000000,2100000000.00
IW,iWallet,X11,TRUE,PoW/PoS,,2142857142.86
SAFEX,SafeExchangeCoin,Scrypt,TRUE,PoC,2147483647,2147483647.00
BURST,BurstCoin,Shabal256,TRUE,PoC,1813033920,2158812800.00
SSTC,SunShotCoin,X11,TRUE,PoW,0,2250000000.00
365,365Coin,X11,TRUE,PoW/PoS,,2300000000.00
TIT,TittieCoin,PHI1612,TRUE,PoS,1622326490,2300000000.00
BLAS,BlakeStar,Blake2S,TRUE,PoW/PoS,,2400000000.00
TGCC,TheGCCcoin,X13,TRUE,PoW/PoS,,2400000000.00
MZC,MazaCoin,SHA-256,TRUE,PoW/PoS,1613836100,2419200000.00
MTLM3,Metal Music v3,Scrypt,FALSE,PoW/PoS,,2500000000.00
CHIEF,TheChiefCoin,Scrypt,TRUE,PoW/PoS,,2500000000.00
SMF,SmurfCoin,Scrypt,TRUE,PoW/PoS,,2500000000.00
ILC,ILCoin,SHA-256,TRUE,PoW,1317747500,2500000000.00
SPEC,SpecCoin,Scrypt,TRUE,PoW,,3000000000.00
STALIN,StalinCoin,X11,TRUE,PoW/PoS,,3000000000.00
KRM,Karma,Groestl,TRUE,PoS,,3000000000.00
SCN,Swiscoin,Scrypt,TRUE,PoW/PoW,665200057,3100000000.00
CIR,CircuitCoin,SHA-256D,TRUE,PoW/PoS,,3125000000.00
PUPA,PupaCoin,Blake2S,TRUE,PoW/PoS,,3500000000.00
BTS,Bitshares,SHA-512,TRUE,PoS,2741570000,3600570502.00
TELL,Tellurion,X11,TRUE,PoW/PoS,,3652422000.00
RCX,RedCrowCoin,Scrypt,TRUE,PoW/PoS,,3966666667.00
BSR,BitSoar Coin,X11,FALSE,PoS,3680297312,3980000000.00
EB3,EB3coin,Scrypt,TRUE,PoW,64096052,4000000000.00
UFO,UFO Coin,NeoScrypt,TRUE,PoW,3824685012,4000000000.00
GENX,Genesis Network,Equihash,TRUE,PoW,,4100000000.00
ACID,AcidCoin,SHA-256,TRUE,PoW,,4500000000.00
MUU,MilkCoin,SHA-256,TRUE,PoW/PoS ,,4500000000.00
BOMBC,BombCoin,Scrypt,TRUE,PoW/PoS,,4516129032.00
XPS,PoisonIvyCoin,Scrypt,TRUE,PoW/PoS,,4666666667.00
BTMI,BitMiles,Scrypt,TRUE,PoW,,4832660000.00
NEF,NefariousCoin,Scrypt,TRUE,PoW/PoS,,4835000000.00
LYC,LycanCoin,Scrypt,TRUE,PoW,,4950000000.00
POP,PopularCoin,Scrypt,TRUE,PoW,3964201249,4999999999.00
HMP,HempCoin,Scrypt-n,TRUE,PoW,0,5000000000.00
BTLC,BitLuckCoin,PoS,TRUE,PoS,,5000000000.00
BOSON,BosonCoin,X11,TRUE,PoW/PoS,,5000000000.00
JOK,JokerCoin,Scrypt,TRUE,PoW/PoS,,5000000000.00
TAP,TappingCoin,X11,TRUE,PoW/PoS,,5000000000.00
SMART,SmartCash,Keccak,TRUE,PoW,2241009149,5000000000.00
SCA,SiaClassic,Blake2b,FALSE,PoW,,5000000000.00
TTN,Titan Coin,SHA-256D,TRUE,PoW/PoS,896361168,5000000000.00
FIII,Fiii,SHA3-256,TRUE,DPoC,-5917977548,5000000000.00
DEAL,iDealCash,Scrypt,TRUE,PoW/PoS,1404157529,5121951220.00
BBP,BiblePay,Proof-of-BibleHash,TRUE,POBh,1772091550,5200000000.00
TLP,TulipCoin,Scrypt,TRUE,PoW/PoS,,5250000000.00
EDC,EDC Blockchain,SHA-256,TRUE,DPoS/LPoS,,5352058721.53
KST,StarKST,Scrypt,TRUE,PoW,,6000000000.00
CLO,Callisto Network,Ethash,TRUE,PoW,247612453,6500000000.00
NPC,NPCcoin,SHA-256D,TRUE,PoW/PoS,0,7000000000.00
ELT,Electron,Blake,FALSE,PoW,24156921.99,7000000000.00
BLC,BlakeCoin,Blake,TRUE,PoW,23356790.15,7000000000.00
MG,Mind Gene,SHA-256,TRUE,PoW/PoS,,7500000000.00
MAN,People,Scrypt,TRUE,PoW,,7500000000.00
LANA,LanaCoin,SHA-256D,TRUE,PoW/PoS,1082162636,7506000000.00
TAK,TakCoin,SHA-256,TRUE,PoW/PoS,,7515187520.00
CRYP,CrypticCoin,Equihash,TRUE,PoW,4235111504,7600000000.00
FRED,FREDEnergy,CryptoNight,TRUE,PoW,1867054873,8080000000.00
DASC,DasCoin,DPoS,TRUE,DPoS,,8589934592.00
XIN,Infinity Economics,SHA-256,TRUE,PoS,8999999990,9000000000.00
LFC,BigLifeCoin,X11,TRUE,PoW,,9900000000.00
XDN,DigitalNote ,CryptoNight,TRUE,PoW,6906587610,10000000000.00
GRE,GreenCoin,Scrypt,TRUE,PoW,4610340641,10000000000.00
CGA,Cryptographic Anomaly,Scrypt,TRUE,PoW,,10000000000.00
PROUD,PROUD Money,X11,TRUE,PoW/PoS,0,10000000000.00
KLC,KiloCoin,Scrypt,TRUE,PoW,196297971,10000000000.00
DAXX,DaxxCoin,Ethash,TRUE,PoW,520891780,10000000000.00
SSS,ShareChain,Scrypt,TRUE,PoW,10000000000,10000000000.00
MPT,Media Protocol Token,Ethash,FALSE,PoW,10000000000,10000000000.00
XHI,HiCoin,Scrypt,TRUE,PoS,10000244678,10008835635.00
MANNA,Manna,SHA-256,FALSE,PoW,2360478329,10044655075.56
SIC,Swisscoin,Scrypt,TRUE,PoW/PoS,10200000000,10200000000.00
SOJ,Sojourn Coin,Scrypt,TRUE,PoW,485214,10500000000.00
ADC,AudioCoin,Scrypt,TRUE,PoW/PoS,980732529,10500000000.00
UPX,uPlexa,CryptoNight,TRUE,PoW,,10500000000.00
EAC,EarthCoin,Scrypt,TRUE,PoW,12539015187,13500000000.00
NOBL,NobleCoin,Scrypt,TRUE,PoW,2366066306,15000000000.00
SAT2,Saturn2Coin,Scrypt,TRUE,PoW,,15000000000.00
DOGED,DogeCoinDark,Scrypt,TRUE,PoW,0,16500000000.00
XVG,Verge,Multiple,TRUE,PoW,15929530669,16555000000.00
PNY,Peony Coin,Scrypt,TRUE,PoS,1042012.452,16880000000.00
TSC,ThunderStake,Scrypt,TRUE,PoW/PoS,1059954080,18000000000.00
LOT,LottoCoin,Scrypt,TRUE,PoW,14491014421,18406979840.00
BUZZ,BuzzCoin,SHA-256D,TRUE,PoW/PoS,19577787259,20000000000.00
JOBS,JobsCoin,X11,TRUE,PoW/PoS,,20000000000.00
DGB,DigiByte,Multiple,TRUE,PoW,11406219141,21000000000.00
DVC,DevCoin,SHA-256,TRUE,PoW,18773857500,21000000000.00
VTA,VirtaCoin,Scrypt,TRUE,PoW,0,21000000000.00
COLX,ColossusCoinXT,X11,TRUE,PoS,,21000000000.00
BTCZ,BitcoinZ,Equihash,TRUE,PoW,5211553258,21000000000.00
CDY,Bitcoin Candy,Equihash,TRUE,PoW,,21000000000.00
LEAF,LeafCoin,Scrypt,TRUE,PoW,0,21000000000.00
XTL,Stellite,CryptoNight,FALSE,PoW,,21000000000.00
DIEM,CarpeDiemCoin,SHA-256,TRUE,PoW,21739971929,21626280000.00
WOMEN,WomenCoin,Scrypt,TRUE,PoW/PoS,48459472454,25000000000.00
ECC,ECC,Scrypt,FALSE,PoS,25000000000,25000000000.00
WRT,WRTcoin,X11,TRUE,PoW,,25000000000.00
HTC,Hitcoin,X11,TRUE,PoW/PoS,10996318099,26550000000.00
ECA,Electra,NIST5,TRUE,PoW/PoS,28399150208,30000000000.00
PBC,PabyosiCoin,X11,TRUE,PoW/PoS,,31500000000.00
PCS,Pabyosi Coin,X11,TRUE,PoW/PoS,,31500000000.00
PND,PandaCoin,Scrypt,TRUE,PoS,33813143822,32514916898.00
LDOGE,LiteDoge,Scrypt,TRUE,PoW/PoS,15318887081,35000000000.00
CSC,CasinoCoin,Scrypt,TRUE,PoC,39999997300,40000000000.00
VPRC,VapersCoin,Scrypt,TRUE,PoW,,42750000000.00
ADA,Cardano,Ouroboros,TRUE,PoS,25927070538,45000000000.00
FUNK,Cypherfunks Coin,Scrypt,TRUE,PoW,,49275000000.00
BEAN,BeanCash,SHA-256,TRUE,PoW/PoS,,50000000000.00
PAYP,PayPeer,X11,TRUE,PoW/PoS,,50000000000.00
ESP,Espers,536,TRUE,PoW/PoS,22801882871,50000000000.00
LINDA,Linda,Scrypt,TRUE,PoW/PoS,9044930943,50000000000.00
GER,GermanCoin,Scrypt,TRUE,PoW/PoS,4911500269,50000000000.00
SMLY,SmileyCoin,Scrypt,TRUE,PoW,29583989323,50000000000.00
BITM,BitMoney,XEVAN,TRUE,Pos,208515864.4,70000000000.00
CREDIT,Credit,Scrypt,TRUE,PoW/PoS,30825710000,74800000000.00
PROC,ProCurrency,SHA-256,TRUE,PoS,100545745,75000000000.00
XUN,UltraNote,CryptoNight,TRUE,PoW,19281821413,85000000000.00
VET,Vechain,VeChainThor Authority,TRUE,Proof of Authority,55454734800,86712634466.00
DRM8,Dream8Coin,Scrypt,TRUE,PoW,,88800000000.00
HTML5,HTML5 Coin,X15,TRUE,PoW/PoS,40659020000,90000000000.00
HTML,HTML Coin,SHA-256,TRUE,PoW/PoS,0,90000000000.00
PHO,Photon,BLAKE256,TRUE,PoW,30089671531,90000000000.00
IFC,Infinite Coin,Scrypt,TRUE,PoW,90595753019,90600000000.00
1CR,1Credit,Scrypt,TRUE,PoW,88213,92000000000.00
LYNX,Lynx,Scrypt,TRUE,HPoW,77872059788,92000000000.00
SLR,SolarCoin,Scrypt,TRUE,PoW,55565076.39,98100000000.00
ZEIT,ZeitCoin,Scrypt,TRUE,PoS,36971236047,99000000000.00
FLAP,Flappy Coin,Scrypt,TRUE,PoW,0,100000000000.00
PAC,PacCoin,X11,TRUE,PoW,536982074,100000000000.00
BUN,BunnyCoin,Scrypt,TRUE,PoW,,100000000000.00
XCASH,X-CASH,CryptoNight Heavy X,TRUE,PoW,0,100000000000.00
LAX,LAPO,Lyra2Z,FALSE,PoW/PoS,11086825523,100000000000.00
HCC,HappyCreatorCoin ,Scrypt,TRUE,PoW,,100100400000.00
NTM,NetM,Scrypt,TRUE,PoW,,101318932073.90
NCP,Newton Coin,CryptoNight,TRUE,PoW,41294520017,184000000000.00
BCN,ByteCoin,CryptoNight,TRUE,PoW,1.84067E+11,184467440735.00
QWC,Qwertycoin,CryptoNight Heavy,TRUE,PoW,99553110529,184470000000.00
GCN,gCn Coin,Scrypt,TRUE,PoW,1.63055E+11,200000000000.00
AX,AlphaX,Scrypt,TRUE,PoS,,200000000000.00
MBTC,MicroBitcoin,Rainforest,TRUE,PoW,,210000000000.00
1337,EliteCoin,X13,TRUE,PoW/PoS,29279424623,314159265359.00
AIB,AdvancedInternetBlock,Scrypt,TRUE,PoW,,314159265359.00
MOON,MoonCoin,Scrypt,TRUE,PoW,88,384000000000.00
TIPS,FedoraCoin,Scrypt,TRUE,PoW,,500000000000.00
FFC,FireflyCoin,SHA-256,TRUE,PoW,,700000000000.00
KUBOS,KubosCoin,Scrypt,FALSE,PoW/PoS,,986898568551.00
BTT,BitTorrent,TRC10,TRUE,DPoS,9.89989E+11,990000000000.00
TRTL,TurtleCoin,CryptoNight,TRUE,PoW,53139835214,1000000000000.00
PZM,Prizm,SHA-256,TRUE,PoS,,600000000000000.00
VAL,Valorbit,Scrypt,TRUE,PoW/PoS,0,92233720000000000.00
MIMI,MIMI Money,CryptoNight,FALSE,PoW,,1000000000000000000.00